Ticker	Name	Sector	Asset Class	Market Value	Weight (%)	Notional Value	Shares	Price	Location	Exchange	FX Rate	Market Currency	Accrual Date
MSFT	MICROSOFT CORP	Information Technology	Equity	"30,455,987,780.80"	6.99	"30,455,987,780.80"	"76,323,145.00"	399.04	United States	NASDAQ	1	USD	-
AAPL	APPLE INC	Information Technology	Equity	"25,330,150,320.51"	5.81	"25,330,150,320.51"	"149,097,359.00"	169.89	United States	NASDAQ	1	USD	-
NVDA	NVIDIA CORP	Information Technology	Equity	"20,964,626,694.00"	4.81	"20,964,626,694.00"	"25,371,075.00"	826.32	United States	NASDAQ	1	USD	-
AMZN	AMAZON COM INC	Consumer Discretionary	Equity	"16,306,294,844.70"	3.74	"16,306,294,844.70"	"93,892,410.00"	173.67	United States	NASDAQ	1	USD	-
META	META PLATFORMS INC CLASS A	Communication	Equity	"9,974,393,074.62"	2.29	"9,974,393,074.62"	"22,598,199.00"	441.38	United States	NASDAQ	1	USD	-
GOOGL	ALPHABET INC CLASS A	Communication	Equity	"9,442,849,572.00"	2.17	"9,442,849,572.00"	"60,531,087.00"	156	United States	NASDAQ	1	USD	-
GOOG	ALPHABET INC CLASS C	Communication	Equity	"8,004,616,003.80"	1.84	"8,004,616,003.80"	"50,678,164.00"	157.95	United States	NASDAQ	1	USD	-
BRKB	BERKSHIRE HATHAWAY INC CLASS B	Financials	Equity	"7,567,255,283.94"	1.74	"7,567,255,283.94"	"18,688,734.00"	404.91	United States	New York Stock Exchange Inc.	1	USD	-
LLY	ELI LILLY	Health Care	Equity	"5,937,271,719.83"	1.36	"5,937,271,719.83"	"8,190,809.00"	724.87	United States	New York Stock Exchange Inc.	1	USD	-
AVGO	BROADCOM INC	Information Technology	Equity	"5,850,870,303.82"	1.34	"5,850,870,303.82"	"4,520,071.00"	"1,294.42"	United States	NASDAQ	1	USD	-
JPM	JPMORGAN CHASE & CO	Financials	Equity	"5,742,224,636.10"	1.32	"5,742,224,636.10"	"29,695,530.00"	193.37	United States	New York Stock Exchange Inc.	1	USD	-
XOM	EXXON MOBIL CORP	Energy	Equity	"4,948,914,810.40"	1.14	"4,948,914,810.40"	"40,788,880.00"	121.33	United States	New York Stock Exchange Inc.	1	USD	-
TSLA	TESLA INC	Consumer Discretionary	Equity	"4,843,406,528.56"	1.11	"4,843,406,528.56"	"28,460,492.00"	170.18	United States	NASDAQ	1	USD	-
UNH	UNITEDHEALTH GROUP INC	Health Care	Equity	"4,691,926,807.20"	1.08	"4,691,926,807.20"	"9,500,520.00"	493.86	United States	New York Stock Exchange Inc.	1	USD	-
V	VISA INC CLASS A	Financials	Equity	"4,470,138,745.68"	1.03	"4,470,138,745.68"	"16,245,598.00"	275.16	United States	New York Stock Exchange Inc.	1	USD	-
PG	PROCTER & GAMBLE	Consumer Staples	Equity	"3,928,754,175.60"	0.9	"3,928,754,175.60"	"24,169,512.00"	162.55	United States	New York Stock Exchange Inc.	1	USD	-
MA	MASTERCARD INC CLASS A	Financials	Equity	"3,916,135,021.15"	0.9	"3,916,135,021.15"	"8,474,465.00"	462.11	United States	New York Stock Exchange Inc.	1	USD	-
JNJ	JOHNSON & JOHNSON	Health Care	Equity	"3,630,393,033.78"	0.83	"3,630,393,033.78"	"24,726,829.00"	146.82	United States	New York Stock Exchange Inc.	1	USD	-
MRK	MERCK & CO INC	Health Care	Equity	"3,402,467,480.96"	0.78	"3,402,467,480.96"	"26,028,668.00"	130.72	United States	New York Stock Exchange Inc.	1	USD	-
HD	HOME DEPOT INC	Consumer Discretionary	Equity	"3,393,840,835.44"	0.78	"3,393,840,835.44"	"10,223,028.00"	331.98	United States	New York Stock Exchange Inc.	1	USD	-
COST	COSTCO WHOLESALE CORP	Consumer Staples	Equity	"3,290,110,110.78"	0.75	"3,290,110,110.78"	"4,557,823.00"	721.86	United States	NASDAQ	1	USD	-
ABBV	ABBVIE INC	Health Care	Equity	"3,033,810,172.44"	0.7	"3,033,810,172.44"	"18,135,036.00"	167.29	United States	New York Stock Exchange Inc.	1	USD	-
CVX	CHEVRON CORP	Energy	Equity	"2,944,583,028.00"	0.68	"2,944,583,028.00"	"17,815,725.00"	165.28	United States	New York Stock Exchange Inc.	1	USD	-
CRM	SALESFORCE INC	Information Technology	Equity	"2,715,832,112.56"	0.62	"2,715,832,112.56"	"9,943,004.00"	273.14	United States	New York Stock Exchange Inc.	1	USD	-
BAC	BANK OF AMERICA CORP	Financials	Equity	"2,680,996,451.03"	0.62	"2,680,996,451.03"	"70,720,033.00"	37.91	United States	New York Stock Exchange Inc.	1	USD	-
WMT	WALMART INC	Consumer Staples	Equity	"2,647,402,691.85"	0.61	"2,647,402,691.85"	"43,969,485.00"	60.21	United States	New York Stock Exchange Inc.	1	USD	-
AMD	ADVANCED MICRO DEVICES INC	Information Technology	Equity	"2,551,932,578.56"	0.59	"2,551,932,578.56"	"16,596,856.00"	153.76	United States	NASDAQ	1	USD	-
NFLX	NETFLIX INC	Communication	Equity	"2,510,630,321.60"	0.58	"2,510,630,321.60"	"4,445,167.00"	564.8	United States	NASDAQ	1	USD	-
PEP	PEPSICO INC	Consumer Staples	Equity	"2,494,316,119.40"	0.57	"2,494,316,119.40"	"14,117,705.00"	176.68	United States	NASDAQ	1	USD	-
KO	COCA-COLA	Consumer Staples	Equity	"2,467,617,528.60"	0.57	"2,467,617,528.60"	"39,967,890.00"	61.74	United States	New York Stock Exchange Inc.	1	USD	-
TMO	THERMO FISHER SCIENTIFIC INC	Health Care	Equity	"2,269,014,559.86"	0.52	"2,269,014,559.86"	"3,968,682.00"	571.73	United States	New York Stock Exchange Inc.	1	USD	-
WFC	WELLS FARGO	Financials	Equity	"2,215,397,011.23"	0.51	"2,215,397,011.23"	"36,966,411.00"	59.93	United States	New York Stock Exchange Inc.	1	USD	-
LIN	LINDE PLC	Materials	Equity	"2,210,552,569.07"	0.51	"2,210,552,569.07"	"4,980,629.00"	443.83	United States	NASDAQ	1	USD	-
ADBE	ADOBE INC	Information Technology	Equity	"2,198,082,971.04"	0.5	"2,198,082,971.04"	"4,642,791.00"	473.44	United States	NASDAQ	1	USD	-
DIS	WALT DISNEY	Communication	Equity	"2,124,740,956.59"	0.49	"2,124,740,956.59"	"18,841,367.00"	112.77	United States	New York Stock Exchange Inc.	1	USD	-
MCD	MCDONALDS CORP	Consumer Discretionary	Equity	"2,053,349,256.40"	0.47	"2,053,349,256.40"	"7,450,469.00"	275.6	United States	New York Stock Exchange Inc.	1	USD	-
CSCO	CISCO SYSTEMS INC	Information Technology	Equity	"2,007,634,452.20"	0.46	"2,007,634,452.20"	"41,738,762.00"	48.1	United States	NASDAQ	1	USD	-
ACN	ACCENTURE PLC CLASS A	Information Technology	Equity	"1,990,048,065.00"	0.46	"1,990,048,065.00"	"6,440,285.00"	309	United States	New York Stock Exchange Inc.	1	USD	-
ABT	ABBOTT LABORATORIES	Health Care	Equity	"1,905,554,448.72"	0.44	"1,905,554,448.72"	"17,832,252.00"	106.86	United States	New York Stock Exchange Inc.	1	USD	-
ORCL	ORACLE CORP	Information Technology	Equity	"1,881,543,649.46"	0.43	"1,881,543,649.46"	"16,376,914.00"	114.89	United States	New York Stock Exchange Inc.	1	USD	-
QCOM	QUALCOMM INC	Information Technology	Equity	"1,871,942,029.70"	0.43	"1,871,942,029.70"	"11,463,209.00"	163.3	United States	NASDAQ	1	USD	-
GE	GE AEROSPACE	Industrials	Equity	"1,802,736,183.16"	0.41	"1,802,736,183.16"	"11,179,066.00"	161.26	United States	New York Stock Exchange Inc.	1	USD	-
INTU	INTUIT INC	Information Technology	Equity	"1,801,128,696.29"	0.41	"1,801,128,696.29"	"2,875,411.00"	626.39	United States	NASDAQ	1	USD	-
CAT	CATERPILLAR INC	Industrials	Equity	"1,767,452,024.00"	0.41	"1,767,452,024.00"	"5,229,148.00"	338	United States	New York Stock Exchange Inc.	1	USD	-
VZ	VERIZON COMMUNICATIONS INC	Communication	Equity	"1,693,714,641.06"	0.39	"1,693,714,641.06"	"43,184,973.00"	39.22	United States	New York Stock Exchange Inc.	1	USD	-
AMAT	APPLIED MATERIAL INC	Information Technology	Equity	"1,687,972,065.00"	0.39	"1,687,972,065.00"	"8,546,694.00"	197.5	United States	NASDAQ	1	USD	-
DHR	DANAHER CORP	Health Care	Equity	"1,660,406,283.80"	0.38	"1,660,406,283.80"	"6,755,111.00"	245.8	United States	New York Stock Exchange Inc.	1	USD	-
TXN	TEXAS INSTRUMENT INC	Information Technology	Equity	"1,636,823,258.25"	0.38	"1,636,823,258.25"	"9,339,933.00"	175.25	United States	NASDAQ	1	USD	-
IBM	INTERNATIONAL BUSINESS MACHINES CO	Information Technology	Equity	"1,587,537,288.47"	0.36	"1,587,537,288.47"	"9,398,717.00"	168.91	United States	New York Stock Exchange Inc.	1	USD	-
COP	CONOCOPHILLIPS	Energy	Equity	"1,574,474,121.00"	0.36	"1,574,474,121.00"	"12,101,100.00"	130.11	United States	New York Stock Exchange Inc.	1	USD	-
CMCSA	COMCAST CORP CLASS A	Communication	Equity	"1,541,334,713.73"	0.35	"1,541,334,713.73"	"40,700,679.00"	37.87	United States	NASDAQ	1	USD	-
PM	PHILIP MORRIS INTERNATIONAL INC	Consumer Staples	Equity	"1,532,284,675.41"	0.35	"1,532,284,675.41"	"15,946,349.00"	96.09	United States	New York Stock Exchange Inc.	1	USD	-
UNP	UNION PACIFIC CORP	Industrials	Equity	"1,525,459,107.15"	0.35	"1,525,459,107.15"	"6,263,433.00"	243.55	United States	New York Stock Exchange Inc.	1	USD	-
INTC	INTEL CORPORATION CORP	Information Technology	Equity	"1,524,781,586.78"	0.35	"1,524,781,586.78"	"43,428,698.00"	35.11	United States	NASDAQ	1	USD	-
NOW	SERVICENOW INC	Information Technology	Equity	"1,508,200,462.50"	0.35	"1,508,200,462.50"	"2,105,690.00"	716.25	United States	New York Stock Exchange Inc.	1	USD	-
AMGN	AMGEN INC	Health Care	Equity	"1,480,343,309.36"	0.34	"1,480,343,309.36"	"5,495,372.00"	269.38	United States	NASDAQ	1	USD	-
PFE	PFIZER INC	Health Care	Equity	"1,465,035,214.02"	0.34	"1,465,035,214.02"	"57,998,227.00"	25.26	United States	New York Stock Exchange Inc.	1	USD	-
UBER	UBER TECHNOLOGIES INC	Industrials	Equity	"1,465,053,640.45"	0.34	"1,465,053,640.45"	"21,137,695.00"	69.31	United States	New York Stock Exchange Inc.	1	USD	-
NEE	NEXTERA ENERGY INC	Utilities	Equity	"1,409,885,521.80"	0.32	"1,409,885,521.80"	"21,074,522.00"	66.9	United States	New York Stock Exchange Inc.	1	USD	-
GS	GOLDMAN SACHS GROUP INC	Financials	Equity	"1,407,046,105.55"	0.32	"1,407,046,105.55"	"3,349,711.00"	420.05	United States	New York Stock Exchange Inc.	1	USD	-
AXP	AMERICAN EXPRESS	Financials	Equity	"1,392,715,441.80"	0.32	"1,392,715,441.80"	"5,873,958.00"	237.1	United States	New York Stock Exchange Inc.	1	USD	-
RTX	RTX CORP	Industrials	Equity	"1,386,180,772.76"	0.32	"1,386,180,772.76"	"13,628,756.00"	101.71	United States	New York Stock Exchange Inc.	1	USD	-
SPGI	S&P GLOBAL INC	Financials	Equity	"1,371,282,960.00"	0.31	"1,371,282,960.00"	"3,300,320.00"	415.5	United States	New York Stock Exchange Inc.	1	USD	-
LOW	LOWES COMPANIES INC	Consumer Discretionary	Equity	"1,358,465,704.00"	0.31	"1,358,465,704.00"	"5,907,400.00"	229.96	United States	New York Stock Exchange Inc.	1	USD	-
ISRG	INTUITIVE SURGICAL INC	Health Care	Equity	"1,350,312,325.12"	0.31	"1,350,312,325.12"	"3,618,976.00"	373.12	United States	NASDAQ	1	USD	-
HON	HONEYWELL INTERNATIONAL INC	Industrials	Equity	"1,307,061,373.74"	0.3	"1,307,061,373.74"	"6,771,637.00"	193.02	United States	NASDAQ	1	USD	-
ELV	ELEVANCE HEALTH INC	Health Care	Equity	"1,302,474,505.60"	0.3	"1,302,474,505.60"	"2,413,420.00"	539.68	United States	New York Stock Exchange Inc.	1	USD	-
ETN	EATON PLC	Industrials	Equity	"1,300,578,356.70"	0.3	"1,300,578,356.70"	"4,101,477.00"	317.1	United States	New York Stock Exchange Inc.	1	USD	-
MU	MICRON TECHNOLOGY INC	Information Technology	Equity	"1,265,207,405.28"	0.29	"1,265,207,405.28"	"11,339,016.00"	111.58	United States	NASDAQ	1	USD	-
PGR	PROGRESSIVE CORP	Financials	Equity	"1,262,948,612.59"	0.29	"1,262,948,612.59"	"6,012,037.00"	210.07	United States	New York Stock Exchange Inc.	1	USD	-
BKNG	BOOKING HOLDINGS INC	Consumer Discretionary	Equity	"1,255,218,782.40"	0.29	"1,255,218,782.40"	"358,380.00"	"3,502.48"	United States	NASDAQ	1	USD	-
T	AT&T INC	Communication	Equity	"1,217,677,843.76"	0.28	"1,217,677,843.76"	"73,442,572.00"	16.58	United States	New York Stock Exchange Inc.	1	USD	-
LRCX	LAM RESEARCH CORP	Information Technology	Equity	"1,213,960,068.15"	0.28	"1,213,960,068.15"	"1,346,645.00"	901.47	United States	NASDAQ	1	USD	-
C	CITIGROUP INC	Financials	Equity	"1,207,873,206.23"	0.28	"1,207,873,206.23"	"19,548,037.00"	61.79	United States	New York Stock Exchange Inc.	1	USD	-
MS	MORGAN STANLEY	Financials	Equity	"1,191,087,441.44"	0.27	"1,191,087,441.44"	"12,868,274.00"	92.56	United States	New York Stock Exchange Inc.	1	USD	-
NKE	NIKE INC CLASS B	Consumer Discretionary	Equity	"1,174,528,438.16"	0.27	"1,174,528,438.16"	"12,502,964.00"	93.94	United States	New York Stock Exchange Inc.	1	USD	-
SYK	STRYKER CORP	Health Care	Equity	"1,171,037,929.60"	0.27	"1,171,037,929.60"	"3,473,344.00"	337.15	United States	New York Stock Exchange Inc.	1	USD	-
SCHW	CHARLES SCHWAB CORP	Financials	Equity	"1,144,802,764.73"	0.26	"1,144,802,764.73"	"15,286,457.00"	74.89	United States	New York Stock Exchange Inc.	1	USD	-
TJX	TJX INC	Consumer Discretionary	Equity	"1,128,732,052.20"	0.26	"1,128,732,052.20"	"11,706,410.00"	96.42	United States	New York Stock Exchange Inc.	1	USD	-
BSX	BOSTON SCIENTIFIC CORP	Health Care	Equity	"1,102,405,197.96"	0.25	"1,102,405,197.96"	"15,047,846.00"	73.26	United States	New York Stock Exchange Inc.	1	USD	-
UPS	UNITED PARCEL SERVICE INC CLASS B	Industrials	Equity	"1,094,968,416.45"	0.25	"1,094,968,416.45"	"7,429,055.00"	147.39	United States	New York Stock Exchange Inc.	1	USD	-
BLK	BLACKROCK INC	Financials	Equity	"1,088,249,819.85"	0.25	"1,088,249,819.85"	"1,436,349.00"	757.65	United States	New York Stock Exchange Inc.	1	USD	-
MDT	MEDTRONIC PLC	Health Care	Equity	"1,082,380,412.25"	0.25	"1,082,380,412.25"	"13,657,797.00"	79.25	United States	New York Stock Exchange Inc.	1	USD	-
CI	CIGNA	Health Care	Equity	"1,065,125,649.51"	0.24	"1,065,125,649.51"	"3,004,501.00"	354.51	United States	New York Stock Exchange Inc.	1	USD	-
DE	DEERE	Industrials	Equity	"1,053,970,608.70"	0.24	"1,053,970,608.70"	"2,674,645.00"	394.06	United States	New York Stock Exchange Inc.	1	USD	-
VRTX	VERTEX PHARMACEUTICALS INC	Health Care	Equity	"1,052,728,205.70"	0.24	"1,052,728,205.70"	"2,647,041.00"	397.7	United States	NASDAQ	1	USD	-
ADP	AUTOMATIC DATA PROCESSING INC	Industrials	Equity	"1,039,434,093.40"	0.24	"1,039,434,093.40"	"4,219,510.00"	246.34	United States	NASDAQ	1	USD	-
LMT	LOCKHEED MARTIN CORP	Industrials	Equity	"1,026,720,864.66"	0.24	"1,026,720,864.66"	"2,209,047.00"	464.78	United States	New York Stock Exchange Inc.	1	USD	-
CB	CHUBB LTD	Financials	Equity	"1,023,889,912.76"	0.23	"1,023,889,912.76"	"4,162,831.00"	245.96	United States	New York Stock Exchange Inc.	1	USD	-
SBUX	STARBUCKS CORP	Consumer Discretionary	Equity	"1,021,545,118.08"	0.23	"1,021,545,118.08"	"11,629,612.00"	87.84	United States	NASDAQ	1	USD	-
MMC	MARSH & MCLENNAN INC	Financials	Equity	"1,018,160,477.26"	0.23	"1,018,160,477.26"	"5,053,658.00"	201.47	United States	New York Stock Exchange Inc.	1	USD	-
ADI	ANALOG DEVICES INC	Information Technology	Equity	"1,008,135,339.84"	0.23	"1,008,135,339.84"	"5,093,136.00"	197.94	United States	NASDAQ	1	USD	-
BA	BOEING	Industrials	Equity	"982,695,725.48"	0.23	"982,695,725.48"	"5,891,108.00"	166.81	United States	New York Stock Exchange Inc.	1	USD	-
PLD	PROLOGIS REIT INC	Real Estate	Equity	"980,869,425.90"	0.23	"980,869,425.90"	"9,490,754.00"	103.35	United States	New York Stock Exchange Inc.	1	USD	-
MDLZ	MONDELEZ INTERNATIONAL INC CLASS A	Consumer Staples	Equity	"979,206,267.60"	0.22	"979,206,267.60"	"13,830,597.00"	70.8	United States	NASDAQ	1	USD	-
REGN	REGENERON PHARMACEUTICALS INC	Health Care	Equity	"966,512,495.20"	0.22	"966,512,495.20"	"1,085,140.00"	890.68	United States	NASDAQ	1	USD	-
FI	FISERV INC	Financials	Equity	"945,023,959.18"	0.22	"945,023,959.18"	"6,164,942.00"	153.29	United States	New York Stock Exchange Inc.	1	USD	-
PANW	PALO ALTO NETWORKS INC	Information Technology	Equity	"935,291,755.03"	0.21	"935,291,755.03"	"3,238,657.00"	288.79	United States	NASDAQ	1	USD	-
KLAC	KLA CORP	Information Technology	Equity	"934,782,731.90"	0.21	"934,782,731.90"	"1,389,082.00"	672.95	United States	NASDAQ	1	USD	-
BMY	BRISTOL MYERS SQUIBB	Health Care	Equity	"934,248,684.60"	0.21	"934,248,684.60"	"20,900,418.00"	44.7	United States	New York Stock Exchange Inc.	1	USD	-
BX	BLACKSTONE INC	Financials	Equity	"911,511,604.32"	0.21	"911,511,604.32"	"7,389,037.00"	123.36	United States	New York Stock Exchange Inc.	1	USD	-
TMUS	T MOBILE US INC	Communication	Equity	"879,978,636.40"	0.2	"879,978,636.40"	"5,364,088.00"	164.05	United States	NASDAQ	1	USD	-
CMG	CHIPOTLE MEXICAN GRILL INC	Consumer Discretionary	Equity	"876,508,134.29"	0.2	"876,508,134.29"	"281,657.00"	"3,111.97"	United States	New York Stock Exchange Inc.	1	USD	-
CVS	CVS HEALTH CORP	Health Care	Equity	"870,335,117.97"	0.2	"870,335,117.97"	"12,926,409.00"	67.33	United States	New York Stock Exchange Inc.	1	USD	-
GILD	GILEAD SCIENCES INC	Health Care	Equity	"835,360,053.10"	0.19	"835,360,053.10"	"12,798,530.00"	65.27	United States	NASDAQ	1	USD	-
SO	SOUTHERN	Utilities	Equity	"833,130,296.85"	0.19	"833,130,296.85"	"11,202,505.00"	74.37	United States	New York Stock Exchange Inc.	1	USD	-
SNPS	SYNOPSYS INC	Information Technology	Equity	"830,494,711.06"	0.19	"830,494,711.06"	"1,566,646.00"	530.11	United States	NASDAQ	1	USD	-
AMT	AMERICAN TOWER REIT CORP	Real Estate	Equity	"827,895,859.70"	0.19	"827,895,859.70"	"4,788,293.00"	172.9	United States	New York Stock Exchange Inc.	1	USD	-
EOG	EOG RESOURCES INC	Energy	Equity	"810,800,308.80"	0.19	"810,800,308.80"	"5,989,955.00"	135.36	United States	New York Stock Exchange Inc.	1	USD	-
WM	WASTE MANAGEMENT INC	Industrials	Equity	"800,777,639.40"	0.18	"800,777,639.40"	"3,764,822.00"	212.7	United States	New York Stock Exchange Inc.	1	USD	-
MO	ALTRIA GROUP INC	Consumer Staples	Equity	"788,671,542.96"	0.18	"788,671,542.96"	"18,113,724.00"	43.54	United States	New York Stock Exchange Inc.	1	USD	-
CME	CME GROUP INC CLASS A	Financials	Equity	"785,915,534.20"	0.18	"785,915,534.20"	"3,697,730.00"	212.54	United States	NASDAQ	1	USD	-
DUK	DUKE ENERGY CORP	Utilities	Equity	"784,266,896.64"	0.18	"784,266,896.64"	"7,919,488.00"	99.03	United States	New York Stock Exchange Inc.	1	USD	-
TGT	TARGET CORP	Consumer Staples	Equity	"779,780,564.28"	0.18	"779,780,564.28"	"4,742,037.00"	164.44	United States	New York Stock Exchange Inc.	1	USD	-
ICE	INTERCONTINENTAL EXCHANGE INC	Financials	Equity	"775,328,198.58"	0.18	"775,328,198.58"	"5,881,719.00"	131.82	United States	New York Stock Exchange Inc.	1	USD	-
CDNS	CADENCE DESIGN SYSTEMS INC	Information Technology	Equity	"774,308,095.32"	0.18	"774,308,095.32"	"2,794,529.00"	277.08	United States	NASDAQ	1	USD	-
CL	COLGATE-PALMOLIVE	Consumer Staples	Equity	"755,164,281.86"	0.17	"755,164,281.86"	"8,457,434.00"	89.29	United States	New York Stock Exchange Inc.	1	USD	-
MPC	MARATHON PETROLEUM CORP	Energy	Equity	"754,142,014.21"	0.17	"754,142,014.21"	"3,779,971.00"	199.51	United States	New York Stock Exchange Inc.	1	USD	-
SHW	SHERWIN WILLIAMS	Materials	Equity	"737,292,411.79"	0.17	"737,292,411.79"	"2,418,859.00"	304.81	United States	New York Stock Exchange Inc.	1	USD	-
APH	AMPHENOL CORP CLASS A	Information Technology	Equity	"733,285,351.44"	0.17	"733,285,351.44"	"6,161,544.00"	119.01	United States	New York Stock Exchange Inc.	1	USD	-
ABNB	AIRBNB INC CLASS A	Consumer Discretionary	Equity	"729,293,536.19"	0.17	"729,293,536.19"	"4,473,919.00"	163.01	United States	NASDAQ	1	USD	-
MCK	MCKESSON CORP	Health Care	Equity	"728,798,593.38"	0.17	"728,798,593.38"	"1,349,777.00"	539.94	United States	New York Stock Exchange Inc.	1	USD	-
FCX	FREEPORT MCMORAN INC	Materials	Equity	"727,630,729.80"	0.17	"727,630,729.80"	"14,729,367.00"	49.4	United States	New York Stock Exchange Inc.	1	USD	-
SLB	SCHLUMBERGER NV	Energy	Equity	"724,877,315.52"	0.17	"724,877,315.52"	"14,661,758.00"	49.44	United States	New York Stock Exchange Inc.	1	USD	-
PH	PARKER-HANNIFIN CORP	Industrials	Equity	"724,647,602.64"	0.17	"724,647,602.64"	"1,319,028.00"	549.38	United States	New York Stock Exchange Inc.	1	USD	-
ZTS	ZOETIS INC CLASS A	Health Care	Equity	"723,230,117.28"	0.17	"723,230,117.28"	"4,715,898.00"	153.36	United States	New York Stock Exchange Inc.	1	USD	-
TDG	TRANSDIGM GROUP INC	Industrials	Equity	"717,714,515.70"	0.16	"717,714,515.70"	"571,165.00"	"1,256.58"	United States	New York Stock Exchange Inc.	1	USD	-
EQIX	EQUINIX REIT INC	Real Estate	Equity	"712,016,747.25"	0.16	"712,016,747.25"	"964,335.00"	738.35	United States	NASDAQ	1	USD	-
NOC	NORTHROP GRUMMAN CORP	Industrials	Equity	"707,029,095.12"	0.16	"707,029,095.12"	"1,448,652.00"	488.06	United States	New York Stock Exchange Inc.	1	USD	-
PYPL	PAYPAL HOLDINGS INC	Financials	Equity	"705,651,772.80"	0.16	"705,651,772.80"	"11,008,608.00"	64.1	United States	NASDAQ	1	USD	-
TT	TRANE TECHNOLOGIES PLC	Industrials	Equity	"699,754,024.14"	0.16	"699,754,024.14"	"2,337,422.00"	299.37	United States	New York Stock Exchange Inc.	1	USD	-
PSX	PHILLIPS	Energy	Equity	"694,499,990.60"	0.16	"694,499,990.60"	"4,416,815.00"	157.24	United States	New York Stock Exchange Inc.	1	USD	-
ITW	ILLINOIS TOOL INC	Industrials	Equity	"693,097,975.68"	0.16	"693,097,975.68"	"2,792,948.00"	248.16	United States	New York Stock Exchange Inc.	1	USD	-
CSX	CSX CORP	Industrials	Equity	"690,748,426.60"	0.16	"690,748,426.60"	"20,298,220.00"	34.03	United States	NASDAQ	1	USD	-
ANET	ARISTA NETWORKS INC	Information Technology	Equity	"685,295,782.16"	0.16	"685,295,782.16"	"2,588,366.00"	264.76	United States	New York Stock Exchange Inc.	1	USD	-
BDX	BECTON DICKINSON	Health Care	Equity	"683,950,321.92"	0.16	"683,950,321.92"	"2,967,504.00"	230.48	United States	New York Stock Exchange Inc.	1	USD	-
GD	GENERAL DYNAMICS CORP	Industrials	Equity	"664,401,045.00"	0.15	"664,401,045.00"	"2,332,050.00"	284.9	United States	New York Stock Exchange Inc.	1	USD	-
PXD	PIONEER NATURAL RESOURCE	Energy	Equity	"660,276,354.40"	0.15	"660,276,354.40"	"2,399,696.00"	275.15	United States	New York Stock Exchange Inc.	1	USD	-
USB	US BANCORP	Financials	Equity	"655,558,767.61"	0.15	"655,558,767.61"	"15,993,139.00"	40.99	United States	New York Stock Exchange Inc.	1	USD	-
EMR	EMERSON ELECTRIC	Industrials	Equity	"643,608,792.80"	0.15	"643,608,792.80"	"5,872,343.00"	109.6	United States	New York Stock Exchange Inc.	1	USD	-
ORLY	OREILLY AUTOMOTIVE INC	Consumer Discretionary	Equity	"639,621,839.01"	0.15	"639,621,839.01"	"606,777.00"	"1,054.13"	United States	NASDAQ	1	USD	1-Jan-70
HCA	HCA HEALTHCARE INC	Health Care	Equity	"639,077,140.00"	0.15	"639,077,140.00"	"2,034,500.00"	314.12	United States	New York Stock Exchange Inc.	1	USD	-
PNC	PNC FINANCIAL SERVICES GROUP INC	Financials	Equity	"639,020,046.00"	0.15	"639,020,046.00"	"4,088,420.00"	156.3	United States	New York Stock Exchange Inc.	1	USD	-
NXPI	NXP SEMICONDUCTORS NV	Information Technology	Equity	"630,361,559.04"	0.14	"630,361,559.04"	"2,647,688.00"	238.08	United States	NASDAQ	1	USD	-
AON	AON PLC CLASS A	Financials	Equity	"629,304,300.00"	0.14	"629,304,300.00"	"2,056,550.00"	306	United States	New York Stock Exchange Inc.	1	USD	-
FDX	FEDEX CORP	Industrials	Equity	"627,018,045.44"	0.14	"627,018,045.44"	"2,361,472.00"	265.52	United States	New York Stock Exchange Inc.	1	USD	-
CEG	CONSTELLATION ENERGY CORP	Utilities	Equity	"616,782,409.83"	0.14	"616,782,409.83"	"3,280,583.00"	188.01	United States	NASDAQ	1	USD	-
MAR	MARRIOTT INTERNATIONAL INC CLASS A	Consumer Discretionary	Equity	"613,082,008.50"	0.14	"613,082,008.50"	"2,534,025.00"	241.94	United States	NASDAQ	1	USD	-
MCO	MOODYS CORP	Financials	Equity	"606,499,855.26"	0.14	"606,499,855.26"	"1,616,557.00"	375.18	United States	New York Stock Exchange Inc.	1	USD	-
PCAR	PACCAR INC	Industrials	Equity	"605,095,322.28"	0.14	"605,095,322.28"	"5,372,894.00"	112.62	United States	NASDAQ	1	USD	-
MSI	MOTOROLA SOLUTIONS INC	Information Technology	Equity	"594,998,476.38"	0.14	"594,998,476.38"	"1,704,769.00"	349.02	United States	New York Stock Exchange Inc.	1	USD	-
ROP	ROPER TECHNOLOGIES INC	Information Technology	Equity	"592,961,089.63"	0.14	"592,961,089.63"	"1,097,243.00"	540.41	United States	NASDAQ	1	USD	-
CTAS	CINTAS CORP	Industrials	Equity	"588,785,499.75"	0.14	"588,785,499.75"	"885,059.00"	665.25	United States	NASDAQ	1	USD	-
VLO	VALERO ENERGY CORP	Energy	Equity	"584,457,119.73"	0.13	"584,457,119.73"	"3,497,021.00"	167.13	United States	New York Stock Exchange Inc.	1	USD	-
ECL	ECOLAB INC	Materials	Equity	"572,923,515.94"	0.13	"572,923,515.94"	"2,606,686.00"	219.79	United States	New York Stock Exchange Inc.	1	USD	-
COF	CAPITAL ONE FINANCIAL CORP	Financials	Equity	"570,359,382.78"	0.13	"570,359,382.78"	"3,907,374.00"	145.97	United States	New York Stock Exchange Inc.	1	USD	-
NSC	NORFOLK SOUTHERN CORP	Industrials	Equity	"558,777,860.11"	0.13	"558,777,860.11"	"2,320,217.00"	240.83	United States	New York Stock Exchange Inc.	1	USD	-
EW	EDWARDS LIFESCIENCES CORP	Health Care	Equity	"548,284,609.99"	0.13	"548,284,609.99"	"6,229,799.00"	88.01	United States	New York Stock Exchange Inc.	1	USD	-
DXCM	DEXCOM INC	Health Care	Equity	"546,503,590.84"	0.13	"546,503,590.84"	"3,959,884.00"	138.01	United States	NASDAQ	1	USD	-
GM	GENERAL MOTORS	Consumer Discretionary	Equity	"540,961,047.60"	0.12	"540,961,047.60"	"11,857,980.00"	45.62	United States	New York Stock Exchange Inc.	1	USD	-
AIG	AMERICAN INTERNATIONAL GROUP INC	Financials	Equity	"538,165,736.34"	0.12	"538,165,736.34"	"7,211,118.00"	74.63	United States	New York Stock Exchange Inc.	1	USD	-
APD	AIR PRODUCTS AND CHEMICALS INC	Materials	Equity	"536,789,899.80"	0.12	"536,789,899.80"	"2,283,435.00"	235.08	United States	New York Stock Exchange Inc.	1	USD	-
WELL	WELLTOWER INC	Real Estate	Equity	"534,397,520.00"	0.12	"534,397,520.00"	"5,685,080.00"	94	United States	New York Stock Exchange Inc.	1	USD	-
HLT	HILTON WORLDWIDE HOLDINGS INC	Consumer Discretionary	Equity	"528,201,540.16"	0.12	"528,201,540.16"	"2,590,112.00"	203.93	United States	New York Stock Exchange Inc.	1	USD	-
AJG	ARTHUR J GALLAGHER	Financials	Equity	"527,663,007.20"	0.12	"527,663,007.20"	"2,226,896.00"	236.95	United States	New York Stock Exchange Inc.	1	USD	-
AZO	AUTOZONE INC	Consumer Discretionary	Equity	"523,120,578.75"	0.12	"523,120,578.75"	"177,615.00"	"2,945.25"	United States	New York Stock Exchange Inc.	1	USD	-
F	FORD MOTOR CO	Consumer Discretionary	Equity	"522,749,541.20"	0.12	"522,749,541.20"	"40,088,155.00"	13.04	United States	New York Stock Exchange Inc.	1	USD	-
TFC	TRUIST FINANCIAL CORP	Financials	Equity	"520,181,178.18"	0.12	"520,181,178.18"	"13,699,794.00"	37.97	United States	New York Stock Exchange Inc.	1	USD	-
MMM	3M	Industrials	Equity	"518,948,007.27"	0.12	"518,948,007.27"	"5,677,147.00"	91.41	United States	New York Stock Exchange Inc.	1	USD	-
NEM	NEWMONT	Materials	Equity	"513,889,490.04"	0.12	"513,889,490.04"	"11,838,044.00"	43.41	United States	New York Stock Exchange Inc.	1	USD	-
CARR	CARRIER GLOBAL CORP	Industrials	Equity	"513,276,680.47"	0.12	"513,276,680.47"	"8,581,787.00"	59.81	United States	New York Stock Exchange Inc.	1	USD	-
MCHP	MICROCHIP TECHNOLOGY INC	Information Technology	Equity	"511,828,663.85"	0.12	"511,828,663.85"	"5,550,685.00"	92.21	United States	NASDAQ	1	USD	-
TRV	TRAVELERS COMPANIES INC	Financials	Equity	"501,591,276.06"	0.12	"501,591,276.06"	"2,343,994.00"	213.99	United States	New York Stock Exchange Inc.	1	USD	-
CPRT	COPART INC	Industrials	Equity	"495,628,159.18"	0.11	"495,628,159.18"	"8,975,519.00"	55.22	United States	NASDAQ	1	USD	-
WMB	WILLIAMS INC	Energy	Equity	"492,947,553.90"	0.11	"492,947,553.90"	"12,495,502.00"	39.45	United States	New York Stock Exchange Inc.	1	USD	-
OKE	ONEOK INC	Energy	Equity	"486,959,121.22"	0.11	"486,959,121.22"	"5,983,769.00"	81.38	United States	New York Stock Exchange Inc.	1	USD	-
SPG	SIMON PROPERTY GROUP REIT INC	Real Estate	Equity	"477,812,653.64"	0.11	"477,812,653.64"	"3,347,668.00"	142.73	United States	New York Stock Exchange Inc.	1	USD	-
URI	UNITED RENTALS INC	Industrials	Equity	"476,855,020.08"	0.11	"476,855,020.08"	"690,174.00"	690.92	United States	New York Stock Exchange Inc.	1	USD	-
ADSK	AUTODESK INC	Information Technology	Equity	"475,495,070.80"	0.11	"475,495,070.80"	"2,197,297.00"	216.4	United States	NASDAQ	1	USD	-
KMB	KIMBERLY CLARK CORP	Consumer Staples	Equity	"472,095,823.36"	0.11	"472,095,823.36"	"3,460,352.00"	136.43	United States	New York Stock Exchange Inc.	1	USD	-
AEP	AMERICAN ELECTRIC POWER INC	Utilities	Equity	"469,184,713.20"	0.11	"469,184,713.20"	"5,401,620.00"	86.86	United States	NASDAQ	1	USD	-
SRE	SEMPRA	Utilities	Equity	"465,296,499.06"	0.11	"465,296,499.06"	"6,464,247.00"	71.98	United States	New York Stock Exchange Inc.	1	USD	-
ALL	ALLSTATE CORP	Financials	Equity	"464,681,893.06"	0.11	"464,681,893.06"	"2,696,309.00"	172.34	United States	New York Stock Exchange Inc.	1	USD	-
O	REALTY INCOME REIT CORP	Real Estate	Equity	"459,581,227.60"	0.11	"459,581,227.60"	"8,542,402.00"	53.8	United States	New York Stock Exchange Inc.	1	USD	-
OXY	OCCIDENTAL PETROLEUM CORP	Energy	Equity	"458,913,804.44"	0.11	"458,913,804.44"	"6,760,663.00"	67.88	United States	New York Stock Exchange Inc.	1	USD	-
ROST	ROSS STORES INC	Consumer Discretionary	Equity	"456,994,918.95"	0.1	"456,994,918.95"	"3,458,153.00"	132.15	United States	NASDAQ	1	USD	-
HES	HESS CORP	Energy	Equity	"456,484,052.90"	0.1	"456,484,052.90"	"2,827,402.00"	161.45	United States	New York Stock Exchange Inc.	1	USD	-
MET	METLIFE INC	Financials	Equity	"453,366,816.10"	0.1	"453,366,816.10"	"6,305,519.00"	71.9	United States	New York Stock Exchange Inc.	1	USD	-
AFL	AFLAC INC	Financials	Equity	"452,744,856.00"	0.1	"452,744,856.00"	"5,407,200.00"	83.73	United States	New York Stock Exchange Inc.	1	USD	-
JCI	JOHNSON CONTROLS INTERNATIONAL PLC	Industrials	Equity	"451,157,025.05"	0.1	"451,157,025.05"	"7,000,109.00"	64.45	United States	New York Stock Exchange Inc.	1	USD	-
BK	BANK OF NEW YORK MELLON CORP	Financials	Equity	"445,990,333.98"	0.1	"445,990,333.98"	"7,799,761.00"	57.18	United States	New York Stock Exchange Inc.	1	USD	-
TEL	TE CONNECTIVITY LTD	Information Technology	Equity	"445,585,702.40"	0.1	"445,585,702.40"	"3,171,880.00"	140.48	United States	New York Stock Exchange Inc.	1	USD	-
NUE	NUCOR CORP	Materials	Equity	"444,133,758.92"	0.1	"444,133,758.92"	"2,525,209.00"	175.88	United States	New York Stock Exchange Inc.	1	USD	-
DHI	D R HORTON INC	Consumer Discretionary	Equity	"442,331,048.60"	0.1	"442,331,048.60"	"3,067,483.00"	144.2	United States	New York Stock Exchange Inc.	1	USD	-
DLR	DIGITAL REALTY TRUST REIT INC	Real Estate	Equity	"440,151,053.72"	0.1	"440,151,053.72"	"3,110,828.00"	141.49	United States	New York Stock Exchange Inc.	1	USD	-
IQV	IQVIA HOLDINGS INC	Health Care	Equity	"438,614,462.38"	0.1	"438,614,462.38"	"1,874,581.00"	233.98	United States	New York Stock Exchange Inc.	1	USD	-
D	DOMINION ENERGY INC	Utilities	Equity	"438,104,072.04"	0.1	"438,104,072.04"	"8,595,332.00"	50.97	United States	New York Stock Exchange Inc.	1	USD	-
STZ	CONSTELLATION BRANDS INC CLASS A	Consumer Staples	Equity	"432,425,003.26"	0.1	"432,425,003.26"	"1,652,306.00"	261.71	United States	New York Stock Exchange Inc.	1	USD	-
GWW	WW GRAINGER INC	Industrials	Equity	"430,073,869.44"	0.1	"430,073,869.44"	"453,741.00"	947.84	United States	New York Stock Exchange Inc.	1	USD	-
FIS	FIDELITY NATIONAL INFORMATION SERV	Financials	Equity	"428,866,185.06"	0.1	"428,866,185.06"	"6,085,798.00"	70.47	United States	New York Stock Exchange Inc.	1	USD	-
LULU	LULULEMON ATHLETICA INC	Consumer Discretionary	Equity	"424,631,160.00"	0.1	"424,631,160.00"	"1,179,531.00"	360	United States	NASDAQ	1	USD	-
AMP	AMERIPRISE FINANCE INC	Financials	Equity	"422,918,022.93"	0.1	"422,918,022.93"	"1,029,223.00"	410.91	United States	New York Stock Exchange Inc.	1	USD	-
AME	AMETEK INC	Industrials	Equity	"421,822,743.39"	0.1	"421,822,743.39"	"2,370,723.00"	177.93	United States	New York Stock Exchange Inc.	1	USD	-
PSA	PUBLIC STORAGE REIT	Real Estate	Equity	"420,487,702.84"	0.1	"420,487,702.84"	"1,625,513.00"	258.68	United States	New York Stock Exchange Inc.	1	USD	-
CCI	CROWN CASTLE INC	Real Estate	Equity	"419,677,758.05"	0.1	"419,677,758.05"	"4,454,705.00"	94.21	United States	New York Stock Exchange Inc.	1	USD	-
FTNT	FORTINET INC	Information Technology	Equity	"419,193,781.02"	0.1	"419,193,781.02"	"6,546,834.00"	64.03	United States	NASDAQ	1	USD	-
IDXX	IDEXX LABORATORIES INC	Health Care	Equity	"417,378,471.84"	0.1	"417,378,471.84"	"853,116.00"	489.24	United States	NASDAQ	1	USD	-
GIS	GENERAL MILLS INC	Consumer Staples	Equity	"416,371,888.74"	0.1	"416,371,888.74"	"5,833,173.00"	71.38	United States	New York Stock Exchange Inc.	1	USD	-
CNC	CENTENE CORP	Health Care	Equity	"415,488,800.32"	0.1	"415,488,800.32"	"5,490,074.00"	75.68	United States	New York Stock Exchange Inc.	1	USD	-
GEV	GE VERNOVA INC	Industrials	Equity	"414,489,372.50"	0.1	"414,489,372.50"	"2,794,750.00"	148.31	United States	New York Stock Exchange Inc.	1	USD	-
PRU	PRUDENTIAL FINANCIAL INC	Financials	Equity	"412,263,333.78"	0.09	"412,263,333.78"	"3,708,071.00"	111.18	United States	New York Stock Exchange Inc.	1	USD	-
A	AGILENT TECHNOLOGIES INC	Health Care	Equity	"410,479,291.17"	0.09	"410,479,291.17"	"3,010,041.00"	136.37	United States	New York Stock Exchange Inc.	1	USD	-
YUM	YUM BRANDS INC	Consumer Discretionary	Equity	"408,589,582.60"	0.09	"408,589,582.60"	"2,886,335.00"	141.56	United States	New York Stock Exchange Inc.	1	USD	-
CMI	CUMMINS INC	Industrials	Equity	"408,263,914.74"	0.09	"408,263,914.74"	"1,400,034.00"	291.61	United States	New York Stock Exchange Inc.	1	USD	-
COR	CENCORA INC	Health Care	Equity	"407,755,756.08"	0.09	"407,755,756.08"	"1,700,683.00"	239.76	United States	New York Stock Exchange Inc.	1	USD	-
SMCI	SUPER MICRO COMPUTER INC	Information Technology	Equity	"407,250,366.60"	0.09	"407,250,366.60"	"517,209.00"	787.4	United States	NASDAQ	1	USD	-
DOW	DOW INC	Materials	Equity	"407,144,219.32"	0.09	"407,144,219.32"	"7,213,753.00"	56.44	United States	New York Stock Exchange Inc.	1	USD	-
RSG	REPUBLIC SERVICES INC	Industrials	Equity	"406,611,685.56"	0.09	"406,611,685.56"	"2,100,701.00"	193.56	United States	New York Stock Exchange Inc.	1	USD	-
LHX	L3HARRIS TECHNOLOGIES INC	Industrials	Equity	"403,707,525.12"	0.09	"403,707,525.12"	"1,946,892.00"	207.36	United States	New York Stock Exchange Inc.	1	USD	-
MNST	MONSTER BEVERAGE CORP	Consumer Staples	Equity	"403,292,260.95"	0.09	"403,292,260.95"	"7,587,813.00"	53.15	United States	NASDAQ	1	USD	-
PAYX	PAYCHEX INC	Industrials	Equity	"401,210,069.52"	0.09	"401,210,069.52"	"3,289,416.00"	121.97	United States	NASDAQ	1	USD	-
FAST	FASTENAL	Industrials	Equity	"400,512,406.18"	0.09	"400,512,406.18"	"5,877,787.00"	68.14	United States	NASDAQ	1	USD	-
CTVA	CORTEVA INC	Materials	Equity	"394,303,801.30"	0.09	"394,303,801.30"	"7,208,479.00"	54.7	United States	New York Stock Exchange Inc.	1	USD	-
SYY	SYSCO CORP	Consumer Staples	Equity	"394,103,302.32"	0.09	"394,103,302.32"	"5,113,576.00"	77.07	United States	New York Stock Exchange Inc.	1	USD	-
HUM	HUMANA INC	Health Care	Equity	"390,958,438.86"	0.09	"390,958,438.86"	"1,255,446.00"	311.41	United States	New York Stock Exchange Inc.	1	USD	-
LEN	LENNAR A CORP	Consumer Discretionary	Equity	"387,899,279.46"	0.09	"387,899,279.46"	"2,538,774.00"	152.79	United States	New York Stock Exchange Inc.	1	USD	-
OTIS	OTIS WORLDWIDE CORP	Industrials	Equity	"387,403,277.62"	0.09	"387,403,277.62"	"4,164,731.00"	93.02	United States	New York Stock Exchange Inc.	1	USD	-
EXC	EXELON CORP	Utilities	Equity	"385,065,817.36"	0.09	"385,065,817.36"	"10,224,796.00"	37.66	United States	NASDAQ	1	USD	-
IR	INGERSOLL RAND INC	Industrials	Equity	"382,655,034.14"	0.09	"382,655,034.14"	"4,157,938.00"	92.03	United States	New York Stock Exchange Inc.	1	USD	-
PWR	QUANTA SERVICES INC	Industrials	Equity	"380,833,051.69"	0.09	"380,833,051.69"	"1,492,351.00"	255.19	United States	New York Stock Exchange Inc.	1	USD	-
FANG	DIAMONDBACK ENERGY INC	Energy	Equity	"380,748,586.70"	0.09	"380,748,586.70"	"1,838,477.00"	207.1	United States	NASDAQ	1	USD	-
KR	KROGER	Consumer Staples	Equity	"380,105,980.03"	0.09	"380,105,980.03"	"6,798,533.00"	55.91	United States	New York Stock Exchange Inc.	1	USD	-
MLM	MARTIN MARIETTA MATERIALS INC	Materials	Equity	"379,057,054.34"	0.09	"379,057,054.34"	"634,862.00"	597.07	United States	New York Stock Exchange Inc.	1	USD	-
CSGP	COSTAR GROUP INC	Real Estate	Equity	"378,937,092.44"	0.09	"378,937,092.44"	"4,194,566.00"	90.34	United States	NASDAQ	1	USD	-
MSCI	MSCI INC	Financials	Equity	"377,349,353.55"	0.09	"377,349,353.55"	"812,395.00"	464.49	United States	New York Stock Exchange Inc.	1	USD	-
PCG	PG&E CORP	Utilities	Equity	"374,084,714.22"	0.09	"374,084,714.22"	"21,914,746.00"	17.07	United States	New York Stock Exchange Inc.	1	USD	-
GEHC	GE HEALTHCARE TECHNOLOGIES INC	Health Care	Equity	"373,870,724.85"	0.09	"373,870,724.85"	"4,349,863.00"	85.95	United States	NASDAQ	1	USD	-
KMI	KINDER MORGAN INC	Energy	Equity	"373,434,721.20"	0.09	"373,434,721.20"	"19,863,549.00"	18.8	United States	New York Stock Exchange Inc.	1	USD	-
KDP	KEURIG DR PEPPER INC	Consumer Staples	Equity	"362,017,680.48"	0.08	"362,017,680.48"	"10,697,922.00"	33.84	United States	NASDAQ	1	USD	-
MRNA	MODERNA INC	Health Care	Equity	"361,789,131.42"	0.08	"361,789,131.42"	"3,407,319.00"	106.18	United States	NASDAQ	1	USD	-
ODFL	OLD DOMINION FREIGHT LINE INC	Industrials	Equity	"361,477,992.76"	0.08	"361,477,992.76"	"1,838,086.00"	196.66	United States	NASDAQ	1	USD	-
IT	GARTNER INC	Information Technology	Equity	"357,343,903.53"	0.08	"357,343,903.53"	"800,663.00"	446.31	United States	New York Stock Exchange Inc.	1	USD	-
ACGL	ARCH CAPITAL GROUP LTD	Financials	Equity	"354,599,499.45"	0.08	"354,599,499.45"	"3,810,849.00"	93.05	United States	NASDAQ	1	USD	-
HAL	HALLIBURTON	Energy	Equity	"354,011,732.80"	0.08	"354,011,732.80"	"9,142,865.00"	38.72	United States	New York Stock Exchange Inc.	1	USD	-
VMC	VULCAN MATERIALS	Materials	Equity	"352,862,114.04"	0.08	"352,862,114.04"	"1,364,826.00"	258.54	United States	New York Stock Exchange Inc.	1	USD	-
PEG	PUBLIC SERVICE ENTERPRISE GROUP IN	Utilities	Equity	"348,519,754.44"	0.08	"348,519,754.44"	"5,118,516.00"	68.09	United States	New York Stock Exchange Inc.	1	USD	-
EL	ESTEE LAUDER INC CLASS A	Consumer Staples	Equity	"346,901,769.09"	0.08	"346,901,769.09"	"2,392,591.00"	144.99	United States	New York Stock Exchange Inc.	1	USD	-
DVN	DEVON ENERGY CORP	Energy	Equity	"346,230,987.07"	0.08	"346,230,987.07"	"6,581,087.00"	52.61	United States	New York Stock Exchange Inc.	1	USD	-
BKR	BAKER HUGHES CLASS A	Energy	Equity	"342,348,975.00"	0.08	"342,348,975.00"	"10,280,750.00"	33.3	United States	NASDAQ	1	USD	-
CTSH	COGNIZANT TECHNOLOGY SOLUTIONS COR	Information Technology	Equity	"341,498,829.96"	0.08	"341,498,829.96"	"5,115,321.00"	66.76	United States	NASDAQ	1	USD	-
KVUE	KENVUE INC	Consumer Staples	Equity	"336,714,864.00"	0.08	"336,714,864.00"	"17,703,200.00"	19.02	United States	New York Stock Exchange Inc.	1	USD	-
CDW	CDW CORP	Information Technology	Equity	"334,944,459.48"	0.08	"334,944,459.48"	"1,375,994.00"	243.42	United States	NASDAQ	1	USD	-
ADM	ARCHER DANIELS MIDLAND	Consumer Staples	Equity	"334,201,493.00"	0.08	"334,201,493.00"	"5,478,713.00"	61	United States	New York Stock Exchange Inc.	1	USD	-
ED	CONSOLIDATED EDISON INC	Utilities	Equity	"333,712,836.57"	0.08	"333,712,836.57"	"3,545,987.00"	94.11	United States	New York Stock Exchange Inc.	1	USD	-
GPN	GLOBAL PAYMENTS INC	Financials	Equity	"333,338,887.64"	0.08	"333,338,887.64"	"2,674,628.00"	124.63	United States	New York Stock Exchange Inc.	1	USD	-
RCL	ROYAL CARIBBEAN GROUP LTD	Consumer Discretionary	Equity	"333,120,328.34"	0.08	"333,120,328.34"	"2,423,222.00"	137.47	United States	New York Stock Exchange Inc.	1	USD	-
VRSK	VERISK ANALYTICS INC	Industrials	Equity	"331,791,121.45"	0.08	"331,791,121.45"	"1,489,255.00"	222.79	United States	NASDAQ	1	USD	-
DAL	DELTA AIR LINES INC	Industrials	Equity	"328,088,493.28"	0.08	"328,088,493.28"	"6,577,556.00"	49.88	United States	New York Stock Exchange Inc.	1	USD	-
ROK	ROCKWELL AUTOMATION INC	Industrials	Equity	"325,983,720.55"	0.07	"325,983,720.55"	"1,177,049.00"	276.95	United States	New York Stock Exchange Inc.	1	USD	-
MPWR	MONOLITHIC POWER SYSTEMS INC	Information Technology	Equity	"325,766,192.54"	0.07	"325,766,192.54"	"493,331.00"	660.34	United States	NASDAQ	1	USD	-
DD	DUPONT DE NEMOURS INC	Materials	Equity	"324,718,884.00"	0.07	"324,718,884.00"	"4,417,944.00"	73.5	United States	New York Stock Exchange Inc.	1	USD	-
XYL	XYLEM INC	Industrials	Equity	"323,426,408.36"	0.07	"323,426,408.36"	"2,476,276.00"	130.61	United States	New York Stock Exchange Inc.	1	USD	-
DFS	DISCOVER FINANCIAL SERVICES	Financials	Equity	"322,784,903.04"	0.07	"322,784,903.04"	"2,568,512.00"	125.67	United States	New York Stock Exchange Inc.	1	USD	-
DG	DOLLAR GENERAL CORP	Consumer Staples	Equity	"321,618,975.30"	0.07	"321,618,975.30"	"2,254,602.00"	142.65	United States	New York Stock Exchange Inc.	1	USD	-
EA	ELECTRONIC ARTS INC	Communication	Equity	"318,145,016.49"	0.07	"318,145,016.49"	"2,498,979.00"	127.31	United States	NASDAQ	1	USD	-
KHC	KRAFT HEINZ	Consumer Staples	Equity	"314,215,344.93"	0.07	"314,215,344.93"	"8,189,089.00"	38.37	United States	NASDAQ	1	USD	-
PPG	PPG INDUSTRIES INC	Materials	Equity	"313,006,949.16"	0.07	"313,006,949.16"	"2,422,092.00"	129.23	United States	New York Stock Exchange Inc.	1	USD	-
XEL	XCEL ENERGY INC	Utilities	Equity	"311,800,585.71"	0.07	"311,800,585.71"	"5,668,071.00"	55.01	United States	NASDAQ	1	USD	-
FICO	FAIR ISAAC CORP	Information Technology	Equity	"304,709,169.18"	0.07	"304,709,169.18"	"255,273.00"	"1,193.66"	United States	New York Stock Exchange Inc.	1	USD	-
HIG	HARTFORD FINANCIAL SERVICES GROUP	Financials	Equity	"303,819,155.37"	0.07	"303,819,155.37"	"3,066,093.00"	99.09	United States	New York Stock Exchange Inc.	1	USD	-
VICI	VICI PPTYS INC	Real Estate	Equity	"303,383,748.55"	0.07	"303,383,748.55"	"10,626,401.00"	28.55	United States	New York Stock Exchange Inc.	1	USD	-
BIIB	BIOGEN INC	Health Care	Equity	"301,329,518.86"	0.07	"301,329,518.86"	"1,488,341.00"	202.46	United States	NASDAQ	1	USD	-
WAB	WESTINGHOUSE AIR BRAKE TECHNOLOGIE	Industrials	Equity	"300,294,116.34"	0.07	"300,294,116.34"	"1,840,263.00"	163.18	United States	New York Stock Exchange Inc.	1	USD	-
TSCO	TRACTOR SUPPLY	Consumer Discretionary	Equity	"294,573,352.08"	0.07	"294,573,352.08"	"1,110,508.00"	265.26	United States	NASDAQ	1	USD	-
ANSS	ANSYS INC	Information Technology	Equity	"291,976,079.36"	0.07	"291,976,079.36"	"892,784.00"	327.04	United States	NASDAQ	1	USD	-
ON	ON SEMICONDUCTOR CORP	Information Technology	Equity	"291,369,234.94"	0.07	"291,369,234.94"	"4,389,413.00"	66.38	United States	NASDAQ	1	USD	-
EXR	EXTRA SPACE STORAGE REIT INC	Real Estate	Equity	"290,434,921.74"	0.07	"290,434,921.74"	"2,170,178.00"	133.83	United States	New York Stock Exchange Inc.	1	USD	-
HSY	HERSHEY FOODS	Consumer Staples	Equity	"288,129,776.90"	0.07	"288,129,776.90"	"1,539,566.00"	187.15	United States	New York Stock Exchange Inc.	1	USD	-
EFX	EQUIFAX INC	Industrials	Equity	"286,582,036.04"	0.07	"286,582,036.04"	"1,266,493.00"	226.28	United States	New York Stock Exchange Inc.	1	USD	-
EIX	EDISON INTERNATIONAL	Utilities	Equity	"280,246,865.25"	0.06	"280,246,865.25"	"3,939,925.00"	71.13	United States	New York Stock Exchange Inc.	1	USD	-
WST	WEST PHARMACEUTICAL SERVICES INC	Health Care	Equity	"279,816,800.00"	0.06	"279,816,800.00"	"760,000.00"	368.18	United States	New York Stock Exchange Inc.	1	USD	-
AVB	AVALONBAY COMMUNITIES REIT INC	Real Estate	Equity	"278,768,354.28"	0.06	"278,768,354.28"	"1,457,079.00"	191.32	United States	New York Stock Exchange Inc.	1	USD	-
RMD	RESMED INC	Health Care	Equity	"277,120,473.84"	0.06	"277,120,473.84"	"1,510,852.00"	183.42	United States	New York Stock Exchange Inc.	1	USD	-
FTV	FORTIVE CORP	Industrials	Equity	"274,529,301.54"	0.06	"274,529,301.54"	"3,602,274.00"	76.21	United States	New York Stock Exchange Inc.	1	USD	-
EBAY	EBAY INC	Consumer Discretionary	Equity	"273,693,180.62"	0.06	"273,693,180.62"	"5,330,993.00"	51.34	United States	NASDAQ	1	USD	-
MTD	METTLER TOLEDO INC	Health Care	Equity	"272,013,234.57"	0.06	"272,013,234.57"	"220,627.00"	"1,232.91"	United States	New York Stock Exchange Inc.	1	USD	-
CHD	CHURCH AND DWIGHT INC	Consumer Staples	Equity	"271,423,473.75"	0.06	"271,423,473.75"	"2,530,755.00"	107.25	United States	New York Stock Exchange Inc.	1	USD	-
WTW	WILLIS TOWERS WATSON PLC	Financials	Equity	"270,597,136.20"	0.06	"270,597,136.20"	"1,053,235.00"	256.92	United States	NASDAQ	1	USD	-
TRGP	TARGA RESOURCES CORP	Energy	Equity	"269,526,740.48"	0.06	"269,526,740.48"	"2,290,336.00"	117.68	United States	New York Stock Exchange Inc.	1	USD	-
WEC	WEC ENERGY GROUP INC	Utilities	Equity	"268,307,960.83"	0.06	"268,307,960.83"	"3,240,043.00"	82.81	United States	New York Stock Exchange Inc.	1	USD	-
CBRE	CBRE GROUP INC CLASS A	Real Estate	Equity	"265,810,160.74"	0.06	"265,810,160.74"	"3,054,587.00"	87.02	United States	New York Stock Exchange Inc.	1	USD	-
KEYS	KEYSIGHT TECHNOLOGIES INC	Information Technology	Equity	"264,510,207.63"	0.06	"264,510,207.63"	"1,794,141.00"	147.43	United States	New York Stock Exchange Inc.	1	USD	-
CHTR	CHARTER COMMUNICATIONS INC CLASS A	Communication	Equity	"262,820,416.90"	0.06	"262,820,416.90"	"1,014,359.00"	259.1	United States	NASDAQ	1	USD	-
LYB	LYONDELLBASELL INDUSTRIES NV CLASS	Materials	Equity	"262,075,565.92"	0.06	"262,075,565.92"	"2,629,169.00"	99.68	United States	New York Stock Exchange Inc.	1	USD	-
HWM	HOWMET AEROSPACE INC	Industrials	Equity	"260,355,513.60"	0.06	"260,355,513.60"	"4,017,832.00"	64.8	United States	New York Stock Exchange Inc.	1	USD	-
CAH	CARDINAL HEALTH INC	Health Care	Equity	"259,359,838.29"	0.06	"259,359,838.29"	"2,498,409.00"	103.81	United States	New York Stock Exchange Inc.	1	USD	-
DLTR	DOLLAR TREE INC	Consumer Staples	Equity	"258,714,156.90"	0.06	"258,714,156.90"	"2,126,010.00"	121.69	United States	NASDAQ	1	USD	-
FITB	FIFTH THIRD BANCORP	Financials	Equity	"257,604,465.58"	0.06	"257,604,465.58"	"6,996,319.00"	36.82	United States	NASDAQ	1	USD	-
DOV	DOVER CORP	Industrials	Equity	"257,376,054.92"	0.06	"257,376,054.92"	"1,436,972.00"	179.11	United States	New York Stock Exchange Inc.	1	USD	-
ZBH	ZIMMER BIOMET HOLDINGS INC	Health Care	Equity	"257,057,266.00"	0.06	"257,057,266.00"	"2,146,616.00"	119.75	United States	New York Stock Exchange Inc.	1	USD	-
NVR	NVR INC	Consumer Discretionary	Equity	"253,542,225.00"	0.06	"253,542,225.00"	"32,821.00"	"7,725.00"	United States	New York Stock Exchange Inc.	1	USD	-
HPQ	HP INC	Information Technology	Equity	"251,956,499.93"	0.06	"251,956,499.93"	"8,956,861.00"	28.13	United States	New York Stock Exchange Inc.	1	USD	-
MTB	M&T BANK CORP	Financials	Equity	"250,703,506.30"	0.06	"250,703,506.30"	"1,706,627.00"	146.9	United States	New York Stock Exchange Inc.	1	USD	-
TROW	T ROWE PRICE GROUP INC	Financials	Equity	"250,289,737.09"	0.06	"250,289,737.09"	"2,299,823.00"	108.83	United States	NASDAQ	1	USD	-
GLW	CORNING INC	Information Technology	Equity	"247,264,002.15"	0.06	"247,264,002.15"	"7,887,209.00"	31.35	United States	New York Stock Exchange Inc.	1	USD	-
AWK	AMERICAN WATER WORKS INC	Utilities	Equity	"243,093,314.75"	0.06	"243,093,314.75"	"1,999,945.00"	121.55	United States	New York Stock Exchange Inc.	1	USD	-
PHM	PULTEGROUP INC	Consumer Discretionary	Equity	"242,624,597.76"	0.06	"242,624,597.76"	"2,178,741.00"	111.36	United States	New York Stock Exchange Inc.	1	USD	-
BR	BROADRIDGE FINANCIAL SOLUTIONS INC	Industrials	Equity	"236,571,474.28"	0.05	"236,571,474.28"	"1,209,713.00"	195.56	United States	New York Stock Exchange Inc.	1	USD	-
WY	WEYERHAEUSER REIT	Real Estate	Equity	"235,818,182.60"	0.05	"235,818,182.60"	"7,495,810.00"	31.46	United States	New York Stock Exchange Inc.	1	USD	-
DTE	DTE ENERGY	Utilities	Equity	"235,685,262.24"	0.05	"235,685,262.24"	"2,120,616.00"	111.14	United States	New York Stock Exchange Inc.	1	USD	-
RJF	RAYMOND JAMES INC	Financials	Equity	"235,651,180.05"	0.05	"235,651,180.05"	"1,932,359.00"	121.95	United States	New York Stock Exchange Inc.	1	USD	-
NDAQ	NASDAQ INC	Financials	Equity	"235,326,279.31"	0.05	"235,326,279.31"	"3,903,239.00"	60.29	United States	NASDAQ	1	USD	-
BLDR	BUILDERS FIRSTSOURCE INC	Industrials	Equity	"234,726,643.12"	0.05	"234,726,643.12"	"1,267,012.00"	185.26	United States	New York Stock Exchange Inc.	1	USD	-
TTWO	TAKE TWO INTERACTIVE SOFTWARE INC	Communication	Equity	"233,613,046.80"	0.05	"233,613,046.80"	"1,628,760.00"	143.43	United States	NASDAQ	1	USD	-
ETR	ENTERGY CORP	Utilities	Equity	"233,574,515.40"	0.05	"233,574,515.40"	"2,172,180.00"	107.53	United States	New York Stock Exchange Inc.	1	USD	-
GPC	GENUINE PARTS	Consumer Discretionary	Equity	"231,955,135.23"	0.05	"231,955,135.23"	"1,440,089.00"	161.07	United States	New York Stock Exchange Inc.	1	USD	-
IRM	IRON MOUNTAIN INC	Real Estate	Equity	"231,720,046.24"	0.05	"231,720,046.24"	"2,999,224.00"	77.26	United States	New York Stock Exchange Inc.	1	USD	-
WDC	WESTERN DIGITAL CORP	Information Technology	Equity	"231,270,892.16"	0.05	"231,270,892.16"	"3,330,514.00"	69.44	United States	NASDAQ	1	USD	-
EQR	EQUITY RESIDENTIAL REIT	Real Estate	Equity	"230,022,113.36"	0.05	"230,022,113.36"	"3,545,347.00"	64.88	United States	New York Stock Exchange Inc.	1	USD	-
STT	STATE STREET CORP	Financials	Equity	"227,306,663.01"	0.05	"227,306,663.01"	"3,101,469.00"	73.29	United States	New York Stock Exchange Inc.	1	USD	-
ALGN	ALIGN TECHNOLOGY INC	Health Care	Equity	"227,169,252.00"	0.05	"227,169,252.00"	"731,624.00"	310.5	United States	NASDAQ	1	USD	-
HPE	HEWLETT PACKARD ENTERPRISE	Information Technology	Equity	"226,603,770.06"	0.05	"226,603,770.06"	"13,353,198.00"	16.97	United States	New York Stock Exchange Inc.	1	USD	-
GRMN	GARMIN LTD	Consumer Discretionary	Equity	"224,875,913.87"	0.05	"224,875,913.87"	"1,572,229.00"	143.03	United States	New York Stock Exchange Inc.	1	USD	-
CPAY	CORPAY INC	Financials	Equity	"224,039,142.40"	0.05	"224,039,142.40"	"741,655.00"	302.08	United States	New York Stock Exchange Inc.	1	USD	-
HUBB	HUBBELL INC	Industrials	Equity	"221,586,004.53"	0.05	"221,586,004.53"	"550,839.00"	402.27	United States	New York Stock Exchange Inc.	1	USD	-
AXON	AXON ENTERPRISE INC	Industrials	Equity	"221,569,233.60"	0.05	"221,569,233.60"	"723,515.00"	306.24	United States	NASDAQ	1	USD	-
IFF	INTERNATIONAL FLAVORS & FRAGRANCES	Materials	Equity	"221,151,287.60"	0.05	"221,151,287.60"	"2,622,140.00"	84.34	United States	New York Stock Exchange Inc.	1	USD	-
PTC	PTC INC	Information Technology	Equity	"220,891,920.48"	0.05	"220,891,920.48"	"1,227,996.00"	179.88	United States	NASDAQ	1	USD	-
CTRA	COTERRA ENERGY INC	Energy	Equity	"219,657,685.52"	0.05	"219,657,685.52"	"7,726,264.00"	28.43	United States	New York Stock Exchange Inc.	1	USD	-
SBAC	SBA COMMUNICATIONS REIT CORP CLASS	Real Estate	Equity	"219,341,473.61"	0.05	"219,341,473.61"	"1,108,177.00"	197.93	United States	NASDAQ	1	USD	-
ES	EVERSOURCE ENERGY	Utilities	Equity	"217,155,382.68"	0.05	"217,155,382.68"	"3,588,159.00"	60.52	United States	New York Stock Exchange Inc.	1	USD	-
NTAP	NETAPP INC	Information Technology	Equity	"213,617,706.96"	0.05	"213,617,706.96"	"2,116,284.00"	100.94	United States	NASDAQ	1	USD	-
DECK	DECKERS OUTDOOR CORP	Consumer Discretionary	Equity	"212,634,531.50"	0.05	"212,634,531.50"	"263,651.00"	806.5	United States	New York Stock Exchange Inc.	1	USD	-
BALL	BALL CORP	Materials	Equity	"211,970,820.60"	0.05	"211,970,820.60"	"3,238,668.00"	65.45	United States	New York Stock Exchange Inc.	1	USD	-
VLTO	VERALTO CORP	Industrials	Equity	"211,265,539.02"	0.05	"211,265,539.02"	"2,252,538.00"	93.79	United States	New York Stock Exchange Inc.	1	USD	-
MOH	MOLINA HEALTHCARE INC	Health Care	Equity	"209,894,703.20"	0.05	"209,894,703.20"	"595,784.00"	352.3	United States	New York Stock Exchange Inc.	1	USD	-
BAX	BAXTER INTERNATIONAL INC	Health Care	Equity	"209,850,220.26"	0.05	"209,850,220.26"	"5,216,262.00"	40.23	United States	New York Stock Exchange Inc.	1	USD	-
STLD	STEEL DYNAMICS INC	Materials	Equity	"207,845,539.88"	0.05	"207,845,539.88"	"1,562,396.00"	133.03	United States	NASDAQ	1	USD	-
PPL	PPL CORP	Utilities	Equity	"206,701,677.00"	0.05	"206,701,677.00"	"7,571,490.00"	27.3	United States	New York Stock Exchange Inc.	1	USD	-
FE	FIRSTENERGY CORP	Utilities	Equity	"204,600,890.48"	0.05	"204,600,890.48"	"5,304,664.00"	38.57	United States	New York Stock Exchange Inc.	1	USD	-
STE	STERIS	Health Care	Equity	"204,560,076.90"	0.05	"204,560,076.90"	"1,014,985.00"	201.54	United States	New York Stock Exchange Inc.	1	USD	-
INVH	INVITATION HOMES INC	Real Estate	Equity	"203,732,320.80"	0.05	"203,732,320.80"	"5,908,710.00"	34.48	United States	New York Stock Exchange Inc.	1	USD	-
ULTA	ULTA BEAUTY INC	Consumer Discretionary	Equity	"203,520,692.13"	0.05	"203,520,692.13"	"498,813.00"	408.01	United States	NASDAQ	1	USD	-
HBAN	HUNTINGTON BANCSHARES INC	Financials	Equity	"202,025,436.62"	0.05	"202,025,436.62"	"14,876,689.00"	13.58	United States	NASDAQ	1	USD	-
AEE	AMEREN CORP	Utilities	Equity	"201,918,237.36"	0.05	"201,918,237.36"	"2,700,886.00"	74.76	United States	New York Stock Exchange Inc.	1	USD	-
APTV	APTIV PLC	Consumer Discretionary	Equity	"201,004,011.19"	0.05	"201,004,011.19"	"2,866,163.00"	70.13	United States	New York Stock Exchange Inc.	1	USD	-
BRO	BROWN & BROWN INC	Financials	Equity	"199,640,407.12"	0.05	"199,640,407.12"	"2,426,354.00"	82.28	United States	New York Stock Exchange Inc.	1	USD	-
TYL	TYLER TECHNOLOGIES INC	Information Technology	Equity	"198,199,101.81"	0.05	"198,199,101.81"	"432,683.00"	458.07	United States	New York Stock Exchange Inc.	1	USD	-
ILMN	ILLUMINA INC	Health Care	Equity	"197,449,981.20"	0.05	"197,449,981.20"	"1,631,144.00"	121.05	United States	NASDAQ	1	USD	-
CBOE	CBOE GLOBAL MARKETS INC	Financials	Equity	"196,995,020.53"	0.05	"196,995,020.53"	"1,084,237.00"	181.69	United States	Cboe BZX formerly known as BATS	1	USD	-
OMC	OMNICOM GROUP INC	Communication	Equity	"196,680,867.78"	0.05	"196,680,867.78"	"2,033,718.00"	96.71	United States	New York Stock Exchange Inc.	1	USD	-
MKC	MCCORMICK & CO NON-VOTING INC	Consumer Staples	Equity	"195,150,247.64"	0.04	"195,150,247.64"	"2,582,719.00"	75.56	United States	New York Stock Exchange Inc.	1	USD	-
FSLR	FIRST SOLAR INC	Information Technology	Equity	"192,079,024.38"	0.04	"192,079,024.38"	"1,097,469.00"	175.02	United States	NASDAQ	1	USD	-
DRI	DARDEN RESTAURANTS INC	Consumer Discretionary	Equity	"192,003,980.46"	0.04	"192,003,980.46"	"1,226,549.00"	156.54	United States	New York Stock Exchange Inc.	1	USD	-
CINF	CINCINNATI FINANCIAL CORP	Financials	Equity	"191,006,292.96"	0.04	"191,006,292.96"	"1,612,684.00"	118.44	United States	NASDAQ	1	USD	-
CNP	CENTERPOINT ENERGY INC	Utilities	Equity	"190,232,374.14"	0.04	"190,232,374.14"	"6,483,721.00"	29.34	United States	New York Stock Exchange Inc.	1	USD	-
ARE	ALEXANDRIA REAL ESTATE EQUITIES RE	Real Estate	Equity	"189,731,928.90"	0.04	"189,731,928.90"	"1,617,493.00"	117.3	United States	New York Stock Exchange Inc.	1	USD	-
WBD	WARNER BROS. DISCOVERY INC SERIES	Communication	Equity	"188,961,165.72"	0.04	"188,961,165.72"	"22,793,868.00"	8.29	United States	NASDAQ	1	USD	-
CLX	CLOROX	Consumer Staples	Equity	"188,029,460.00"	0.04	"188,029,460.00"	"1,274,776.00"	147.5	United States	New York Stock Exchange Inc.	1	USD	-
WAT	WATERS CORP	Health Care	Equity	"187,270,513.85"	0.04	"187,270,513.85"	"607,331.00"	308.35	United States	New York Stock Exchange Inc.	1	USD	-
SYF	SYNCHRONY FINANCIAL	Financials	Equity	"186,632,442.92"	0.04	"186,632,442.92"	"4,178,962.00"	44.66	United States	New York Stock Exchange Inc.	1	USD	-
RF	REGIONS FINANCIAL CORP	Financials	Equity	"186,119,529.72"	0.04	"186,119,529.72"	"9,491,052.00"	19.61	United States	New York Stock Exchange Inc.	1	USD	-
J	JACOBS SOLUTIONS INC	Industrials	Equity	"186,085,340.28"	0.04	"186,085,340.28"	"1,290,646.00"	144.18	United States	New York Stock Exchange Inc.	1	USD	-
COO	COOPER INC	Health Care	Equity	"183,582,922.14"	0.04	"183,582,922.14"	"2,041,398.00"	89.93	United States	NASDAQ	1	USD	-
LDOS	LEIDOS HOLDINGS INC	Industrials	Equity	"183,444,590.08"	0.04	"183,444,590.08"	"1,412,416.00"	129.88	United States	New York Stock Exchange Inc.	1	USD	-
ATO	ATMOS ENERGY CORP	Utilities	Equity	"183,090,116.43"	0.04	"183,090,116.43"	"1,549,379.00"	118.17	United States	New York Stock Exchange Inc.	1	USD	-
EXPE	EXPEDIA GROUP INC	Consumer Discretionary	Equity	"183,007,593.75"	0.04	"183,007,593.75"	"1,343,175.00"	136.25	United States	NASDAQ	1	USD	-
CMS	CMS ENERGY CORP	Utilities	Equity	"182,919,582.72"	0.04	"182,919,582.72"	"3,024,464.00"	60.48	United States	New York Stock Exchange Inc.	1	USD	-
TDY	TELEDYNE TECHNOLOGIES INC	Information Technology	Equity	"182,710,142.64"	0.04	"182,710,142.64"	"484,668.00"	376.98	United States	New York Stock Exchange Inc.	1	USD	-
PFG	PRINCIPAL FINANCIAL GROUP INC	Financials	Equity	"182,626,558.80"	0.04	"182,626,558.80"	"2,252,980.00"	81.06	United States	NASDAQ	1	USD	-
HOLX	HOLOGIC INC	Health Care	Equity	"182,543,623.90"	0.04	"182,543,623.90"	"2,411,090.00"	75.71	United States	NASDAQ	1	USD	-
UAL	UNITED AIRLINES HOLDINGS INC	Industrials	Equity	"180,292,045.65"	0.04	"180,292,045.65"	"3,369,315.00"	53.51	United States	NASDAQ	1	USD	-
AVY	AVERY DENNISON CORP	Materials	Equity	"179,632,146.08"	0.04	"179,632,146.08"	"827,188.00"	217.16	United States	New York Stock Exchange Inc.	1	USD	-
VTR	VENTAS REIT INC	Real Estate	Equity	"179,212,300.00"	0.04	"179,212,300.00"	"4,133,125.00"	43.36	United States	New York Stock Exchange Inc.	1	USD	-
TSN	TYSON FOODS INC CLASS A	Consumer Staples	Equity	"179,090,337.79"	0.04	"179,090,337.79"	"2,941,211.00"	60.89	United States	New York Stock Exchange Inc.	1	USD	-
DPZ	DOMINOS PIZZA INC	Consumer Discretionary	Equity	"177,313,693.52"	0.04	"177,313,693.52"	"358,376.00"	494.77	United States	New York Stock Exchange Inc.	1	USD	-
NTRS	NORTHERN TRUST CORP	Financials	Equity	"175,806,744.96"	0.04	"175,806,744.96"	"2,106,984.00"	83.44	United States	NASDAQ	1	USD	-
STX	SEAGATE TECHNOLOGY HOLDINGS PLC	Information Technology	Equity	"174,640,767.84"	0.04	"174,640,767.84"	"2,001,384.00"	87.26	United States	NASDAQ	1	USD	-
IEX	IDEX CORP	Industrials	Equity	"173,445,020.40"	0.04	"173,445,020.40"	"776,805.00"	223.28	United States	New York Stock Exchange Inc.	1	USD	-
LH	LABORATORY CORPORATION OF AMERICA	Health Care	Equity	"173,000,274.95"	0.04	"173,000,274.95"	"872,197.00"	198.35	United States	New York Stock Exchange Inc.	1	USD	-
LVS	LAS VEGAS SANDS CORP	Consumer Discretionary	Equity	"172,773,974.10"	0.04	"172,773,974.10"	"3,793,062.00"	45.55	United States	New York Stock Exchange Inc.	1	USD	-
TER	TERADYNE INC	Information Technology	Equity	"171,041,956.99"	0.04	"171,041,956.99"	"1,570,489.00"	108.91	United States	NASDAQ	1	USD	-
TXT	TEXTRON INC	Industrials	Equity	"170,929,170.00"	0.04	"170,929,170.00"	"2,013,300.00"	84.9	United States	New York Stock Exchange Inc.	1	USD	-
EQT	EQT CORP	Energy	Equity	"170,748,656.46"	0.04	"170,748,656.46"	"4,225,406.00"	40.41	United States	New York Stock Exchange Inc.	1	USD	-
SWKS	SKYWORKS SOLUTIONS INC	Information Technology	Equity	"169,437,271.95"	0.04	"169,437,271.95"	"1,645,821.00"	102.95	United States	NASDAQ	1	USD	-
EXPD	EXPEDITORS INTERNATIONAL OF WASHIN	Industrials	Equity	"168,990,882.80"	0.04	"168,990,882.80"	"1,493,512.00"	113.15	United States	New York Stock Exchange Inc.	1	USD	-
NRG	NRG ENERGY INC	Utilities	Equity	"168,962,704.30"	0.04	"168,962,704.30"	"2,319,005.00"	72.86	United States	New York Stock Exchange Inc.	1	USD	-
CFG	CITIZENS FINANCIAL GROUP INC	Financials	Equity	"167,619,900.00"	0.04	"167,619,900.00"	"4,789,140.00"	35	United States	New York Stock Exchange Inc.	1	USD	-
LUV	SOUTHWEST AIRLINES	Industrials	Equity	"167,070,461.02"	0.04	"167,070,461.02"	"6,128,777.00"	27.26	United States	New York Stock Exchange Inc.	1	USD	-
MRO	MARATHON OIL CORP	Energy	Equity	"166,758,815.82"	0.04	"166,758,815.82"	"6,011,493.00"	27.74	United States	New York Stock Exchange Inc.	1	USD	-
VRSN	VERISIGN INC	Information Technology	Equity	"165,377,463.80"	0.04	"165,377,463.80"	"905,285.00"	182.68	United States	NASDAQ	1	USD	-
FDS	FACTSET RESEARCH SYSTEMS INC	Financials	Equity	"163,855,877.85"	0.04	"163,855,877.85"	"391,335.00"	418.71	United States	New York Stock Exchange Inc.	1	USD	-
EG	EVEREST GROUP LTD	Financials	Equity	"163,077,753.60"	0.04	"163,077,753.60"	"445,860.00"	365.76	United States	New York Stock Exchange Inc.	1	USD	-
ESS	ESSEX PROPERTY TRUST REIT INC	Real Estate	Equity	"163,027,578.70"	0.04	"163,027,578.70"	"659,470.00"	247.21	United States	New York Stock Exchange Inc.	1	USD	-
WRB	WR BERKLEY CORP	Financials	Equity	"162,193,895.01"	0.04	"162,193,895.01"	"2,081,811.00"	77.91	United States	New York Stock Exchange Inc.	1	USD	-
K	KELLANOVA	Consumer Staples	Equity	"158,354,902.65"	0.04	"158,354,902.65"	"2,709,237.00"	58.45	United States	New York Stock Exchange Inc.	1	USD	-
CE	CELANESE CORP	Materials	Equity	"158,334,804.87"	0.04	"158,334,804.87"	"1,028,883.00"	153.89	United States	New York Stock Exchange Inc.	1	USD	-
AKAM	AKAMAI TECHNOLOGIES INC	Information Technology	Equity	"157,720,754.88"	0.04	"157,720,754.88"	"1,549,472.00"	101.79	United States	NASDAQ	1	USD	-
MAS	MASCO CORP	Industrials	Equity	"157,728,869.94"	0.04	"157,728,869.94"	"2,257,462.00"	69.87	United States	New York Stock Exchange Inc.	1	USD	-
CCL	CARNIVAL CORP	Consumer Discretionary	Equity	"157,118,753.22"	0.04	"157,118,753.22"	"10,350,379.00"	15.18	United States	New York Stock Exchange Inc.	1	USD	-
CF	CF INDUSTRIES HOLDINGS INC	Materials	Equity	"156,958,398.52"	0.04	"156,958,398.52"	"1,962,716.00"	79.97	United States	New York Stock Exchange Inc.	1	USD	-
PKG	PACKAGING CORP OF AMERICA	Materials	Equity	"156,473,693.75"	0.04	"156,473,693.75"	"913,715.00"	171.25	United States	New York Stock Exchange Inc.	1	USD	-
BG	BUNGE GLOBAL SA	Consumer Staples	Equity	"155,297,270.92"	0.04	"155,297,270.92"	"1,492,382.00"	104.06	United States	New York Stock Exchange Inc.	1	USD	-
JBL	JABIL INC	Information Technology	Equity	"155,236,168.88"	0.04	"155,236,168.88"	"1,310,231.00"	118.48	United States	New York Stock Exchange Inc.	1	USD	-
DGX	QUEST DIAGNOSTICS INC	Health Care	Equity	"154,418,071.80"	0.04	"154,418,071.80"	"1,140,290.00"	135.42	United States	New York Stock Exchange Inc.	1	USD	-
ZBRA	ZEBRA TECHNOLOGIES CORP CLASS A	Information Technology	Equity	"154,410,205.32"	0.04	"154,410,205.32"	"527,844.00"	292.53	United States	NASDAQ	1	USD	-
CAG	CONAGRA BRANDS INC	Consumer Staples	Equity	"153,556,150.58"	0.04	"153,556,150.58"	"4,910,654.00"	31.27	United States	New York Stock Exchange Inc.	1	USD	-
MAA	MID AMERICA APARTMENT COMMUNITIES	Real Estate	Equity	"152,500,080.00"	0.03	"152,500,080.00"	"1,198,900.00"	127.2	United States	New York Stock Exchange Inc.	1	USD	-
TRMB	TRIMBLE INC	Information Technology	Equity	"151,312,990.51"	0.03	"151,312,990.51"	"2,555,531.00"	59.21	United States	NASDAQ	1	USD	-
ENPH	ENPHASE ENERGY INC	Information Technology	Equity	"150,393,951.56"	0.03	"150,393,951.56"	"1,394,732.00"	107.83	United States	NASDAQ	1	USD	-
BBY	BEST BUY CO INC	Consumer Discretionary	Equity	"148,168,551.96"	0.03	"148,168,551.96"	"1,969,279.00"	75.24	United States	New York Stock Exchange Inc.	1	USD	-
POOL	POOL CORP	Consumer Discretionary	Equity	"147,022,090.00"	0.03	"147,022,090.00"	"397,357.00"	370	United States	NASDAQ	1	USD	-
SNA	SNAP ON INC	Industrials	Equity	"146,463,191.60"	0.03	"146,463,191.60"	"542,135.00"	270.16	United States	New York Stock Exchange Inc.	1	USD	-
NDSN	NORDSON CORP	Industrials	Equity	"144,718,904.40"	0.03	"144,718,904.40"	"557,340.00"	259.66	United States	NASDAQ	1	USD	-
L	LOEWS CORP	Financials	Equity	"143,017,743.15"	0.03	"143,017,743.15"	"1,871,715.00"	76.41	United States	New York Stock Exchange Inc.	1	USD	-
VTRS	VIATRIS INC	Health Care	Equity	"141,371,122.18"	0.03	"141,371,122.18"	"12,325,294.00"	11.47	United States	NASDAQ	1	USD	-
KEY	KEYCORP	Financials	Equity	"140,580,342.00"	0.03	"140,580,342.00"	"9,622,200.00"	14.61	United States	New York Stock Exchange Inc.	1	USD	-
EPAM	EPAM SYSTEMS INC	Information Technology	Equity	"140,540,311.36"	0.03	"140,540,311.36"	"592,672.00"	237.13	United States	New York Stock Exchange Inc.	1	USD	-
SWK	STANLEY BLACK & DECKER INC	Industrials	Equity	"139,901,476.05"	0.03	"139,901,476.05"	"1,574,935.00"	88.83	United States	New York Stock Exchange Inc.	1	USD	-
ALB	ALBEMARLE CORP	Materials	Equity	"138,641,504.24"	0.03	"138,641,504.24"	"1,205,788.00"	114.98	United States	New York Stock Exchange Inc.	1	USD	-
JBHT	JB HUNT TRANSPORT SERVICES INC	Industrials	Equity	"137,208,716.58"	0.03	"137,208,716.58"	"837,967.00"	163.74	United States	NASDAQ	1	USD	-
HST	HOST HOTELS & RESORTS REIT INC	Real Estate	Equity	"136,912,982.12"	0.03	"136,912,982.12"	"7,247,908.00"	18.89	United States	NASDAQ	1	USD	-
PNR	PENTAIR	Industrials	Equity	"134,497,915.20"	0.03	"134,497,915.20"	"1,698,206.00"	79.2	United States	New York Stock Exchange Inc.	1	USD	-
DOC	HEALTHPEAK PROPERTIES INC	Real Estate	Equity	"133,396,100.04"	0.03	"133,396,100.04"	"7,273,506.00"	18.34	United States	New York Stock Exchange Inc.	1	USD	-
AMCR	AMCOR PLC	Materials	Equity	"132,908,645.60"	0.03	"132,908,645.60"	"14,850,128.00"	8.95	United States	New York Stock Exchange Inc.	1	USD	-
LNT	ALLIANT ENERGY CORP	Utilities	Equity	"131,701,854.48"	0.03	"131,701,854.48"	"2,621,976.00"	50.23	United States	NASDAQ	1	USD	-
RVTY	REVVITY INC	Health Care	Equity	"129,433,581.42"	0.03	"129,433,581.42"	"1,267,838.00"	102.09	United States	New York Stock Exchange Inc.	1	USD	-
WBA	WALGREEN BOOTS ALLIANCE INC	Consumer Staples	Equity	"129,432,952.00"	0.03	"129,432,952.00"	"7,354,145.00"	17.6	United States	NASDAQ	1	USD	-
LYV	LIVE NATION ENTERTAINMENT INC	Communication	Equity	"128,988,510.38"	0.03	"128,988,510.38"	"1,457,662.00"	88.49	United States	New York Stock Exchange Inc.	1	USD	-
ROL	ROLLINS INC	Industrials	Equity	"127,709,963.19"	0.03	"127,709,963.19"	"2,884,797.00"	44.27	United States	New York Stock Exchange Inc.	1	USD	-
KIM	KIMCO REALTY REIT CORP	Real Estate	Equity	"126,089,376.06"	0.03	"126,089,376.06"	"6,845,243.00"	18.42	United States	New York Stock Exchange Inc.	1	USD	-
SJM	JM SMUCKER	Consumer Staples	Equity	"125,616,229.44"	0.03	"125,616,229.44"	"1,090,608.00"	115.18	United States	New York Stock Exchange Inc.	1	USD	-
JKHY	JACK HENRY AND ASSOCIATES INC	Financials	Equity	"124,181,438.53"	0.03	"124,181,438.53"	"748,577.00"	165.89	United States	NASDAQ	1	USD	-
LW	LAMB WESTON HOLDINGS INC	Consumer Staples	Equity	"123,883,021.50"	0.03	"123,883,021.50"	"1,483,629.00"	83.5	United States	New York Stock Exchange Inc.	1	USD	-
EVRG	EVERGY INC	Utilities	Equity	"123,748,732.72"	0.03	"123,748,732.72"	"2,360,716.00"	52.42	United States	NASDAQ	1	USD	-
WRK	WESTROCK	Materials	Equity	"123,599,183.64"	0.03	"123,599,183.64"	"2,640,444.00"	46.81	United States	New York Stock Exchange Inc.	1	USD	-
IPG	INTERPUBLIC GROUP OF COMPANIES INC	Communication	Equity	"122,638,842.48"	0.03	"122,638,842.48"	"3,935,778.00"	31.16	United States	New York Stock Exchange Inc.	1	USD	-
CRL	CHARLES RIVER LABORATORIES INTERNA	Health Care	Equity	"120,106,671.63"	0.03	"120,106,671.63"	"527,223.00"	227.81	United States	New York Stock Exchange Inc.	1	USD	-
APA	APA CORP	Energy	Equity	"120,054,467.40"	0.03	"120,054,467.40"	"3,709,965.00"	32.36	United States	NASDAQ	1	USD	-
TAP	MOLSON COORS BREWING CLASS B	Consumer Staples	Equity	"119,524,410.18"	0.03	"119,524,410.18"	"1,902,649.00"	62.82	United States	New York Stock Exchange Inc.	1	USD	-
NI	NISOURCE INC	Utilities	Equity	"119,382,906.20"	0.03	"119,382,906.20"	"4,248,502.00"	28.1	United States	New York Stock Exchange Inc.	1	USD	-
IP	INTERNATIONAL PAPER	Materials	Equity	"119,179,522.00"	0.03	"119,179,522.00"	"3,555,475.00"	33.52	United States	New York Stock Exchange Inc.	1	USD	-
MGM	MGM RESORTS INTERNATIONAL	Consumer Discretionary	Equity	"118,455,781.20"	0.03	"118,455,781.20"	"2,808,340.00"	42.18	United States	New York Stock Exchange Inc.	1	USD	-
GEN	GEN DIGITAL INC	Information Technology	Equity	"118,366,150.50"	0.03	"118,366,150.50"	"5,759,910.00"	20.55	United States	NASDAQ	1	USD	-
UDR	UDR REIT INC	Real Estate	Equity	"118,085,295.11"	0.03	"118,085,295.11"	"3,109,963.00"	37.97	United States	New York Stock Exchange Inc.	1	USD	-
LKQ	LKQ CORP	Consumer Discretionary	Equity	"117,998,968.84"	0.03	"117,998,968.84"	"2,749,277.00"	42.92	United States	NASDAQ	1	USD	-
AES	AES CORP	Utilities	Equity	"117,891,349.41"	0.03	"117,891,349.41"	"6,882,157.00"	17.13	United States	New York Stock Exchange Inc.	1	USD	-
PODD	INSULET CORP	Health Care	Equity	"117,638,640.22"	0.03	"117,638,640.22"	"716,566.00"	164.17	United States	NASDAQ	1	USD	-
EMN	EASTMAN CHEMICAL	Materials	Equity	"115,889,425.37"	0.03	"115,889,425.37"	"1,205,549.00"	96.13	United States	New York Stock Exchange Inc.	1	USD	-
JNPR	JUNIPER NETWORKS INC	Information Technology	Equity	"115,621,694.85"	0.03	"115,621,694.85"	"3,308,203.00"	34.95	United States	New York Stock Exchange Inc.	1	USD	-
QRVO	QORVO INC	Information Technology	Equity	"113,806,142.90"	0.03	"113,806,142.90"	"992,207.00"	114.7	United States	NASDAQ	1	USD	-
ALLE	ALLEGION PLC	Industrials	Equity	"112,447,432.92"	0.03	"112,447,432.92"	"900,516.00"	124.87	United States	New York Stock Exchange Inc.	1	USD	-
KMX	CARMAX INC	Consumer Discretionary	Equity	"112,348,074.76"	0.03	"112,348,074.76"	"1,623,058.00"	69.22	United States	New York Stock Exchange Inc.	1	USD	-
HII	HUNTINGTON INGALLS INDUSTRIES INC	Industrials	Equity	"112,147,232.80"	0.03	"112,147,232.80"	"406,360.00"	275.98	United States	New York Stock Exchange Inc.	1	USD	-
FFIV	F5 INC	Information Technology	Equity	"109,914,686.25"	0.03	"109,914,686.25"	"604,425.00"	181.85	United States	NASDAQ	1	USD	-
CPT	CAMDEN PROPERTY TRUST REIT	Real Estate	Equity	"107,596,224.33"	0.02	"107,596,224.33"	"1,095,573.00"	98.21	United States	New York Stock Exchange Inc.	1	USD	-
BBWI	BATH AND BODY WORKS INC	Consumer Discretionary	Equity	"105,709,099.20"	0.02	"105,709,099.20"	"2,318,182.00"	45.6	United States	New York Stock Exchange Inc.	1	USD	-
HRL	HORMEL FOODS CORP	Consumer Staples	Equity	"104,877,708.09"	0.02	"104,877,708.09"	"2,973,567.00"	35.27	United States	New York Stock Exchange Inc.	1	USD	-
AOS	A O SMITH CORP	Industrials	Equity	"104,550,560.06"	0.02	"104,550,560.06"	"1,262,383.00"	82.82	United States	New York Stock Exchange Inc.	1	USD	-
UHS	UNIVERSAL HEALTH SERVICES INC CLAS	Health Care	Equity	"103,519,681.20"	0.02	"103,519,681.20"	"627,012.00"	165.1	United States	New York Stock Exchange Inc.	1	USD	-
CTLT	CATALENT INC	Health Care	Equity	"103,475,408.40"	0.02	"103,475,408.40"	"1,854,398.00"	55.8	United States	New York Stock Exchange Inc.	1	USD	-
MOS	MOSAIC	Materials	Equity	"101,536,167.76"	0.02	"101,536,167.76"	"3,353,242.00"	30.28	United States	New York Stock Exchange Inc.	1	USD	-
TECH	BIO TECHNE CORP	Health Care	Equity	"101,060,742.38"	0.02	"101,060,742.38"	"1,612,843.00"	62.66	United States	NASDAQ	1	USD	-
TFX	TELEFLEX INC	Health Care	Equity	"99,658,818.49"	0.02	"99,658,818.49"	"482,119.00"	206.71	United States	New York Stock Exchange Inc.	1	USD	-
REG	REGENCY CENTERS REIT CORP	Real Estate	Equity	"99,541,791.10"	0.02	"99,541,791.10"	"1,685,435.00"	59.06	United States	NASDAQ	1	USD	-
INCY	INCYTE CORP	Health Care	Equity	"97,673,345.04"	0.02	"97,673,345.04"	"1,908,428.00"	51.18	United States	NASDAQ	1	USD	-
HSIC	HENRY SCHEIN INC	Health Care	Equity	"97,059,593.40"	0.02	"97,059,593.40"	"1,332,870.00"	72.82	United States	NASDAQ	1	USD	-
DAY	DAYFORCE INC	Industrials	Equity	"95,635,492.38"	0.02	"95,635,492.38"	"1,605,161.00"	59.58	United States	New York Stock Exchange Inc.	1	USD	-
AAL	AMERICAN AIRLINES GROUP INC	Industrials	Equity	"94,840,771.95"	0.02	"94,840,771.95"	"6,712,015.00"	14.13	United States	NASDAQ	1	USD	-
WYNN	WYNN RESORTS LTD	Consumer Discretionary	Equity	"94,449,007.80"	0.02	"94,449,007.80"	"977,733.00"	96.6	United States	NASDAQ	1	USD	-
NWSA	NEWS CORP CLASS A	Communication	Equity	"94,384,984.95"	0.02	"94,384,984.95"	"3,898,595.00"	24.21	United States	NASDAQ	1	USD	-
TPR	TAPESTRY INC	Consumer Discretionary	Equity	"92,696,605.17"	0.02	"92,696,605.17"	"2,353,303.00"	39.39	United States	New York Stock Exchange Inc.	1	USD	-
AIZ	ASSURANT INC	Financials	Equity	"92,643,711.96"	0.02	"92,643,711.96"	"533,539.00"	173.64	United States	New York Stock Exchange Inc.	1	USD	-
PAYC	PAYCOM SOFTWARE INC	Industrials	Equity	"92,005,396.70"	0.02	"92,005,396.70"	"493,115.00"	186.58	United States	New York Stock Exchange Inc.	1	USD	-
BXP	BOSTON PROPERTIES REIT INC	Real Estate	Equity	"91,864,230.15"	0.02	"91,864,230.15"	"1,482,877.00"	61.95	United States	New York Stock Exchange Inc.	1	USD	-
CPB	CAMPBELL SOUP	Consumer Staples	Equity	"91,574,490.41"	0.02	"91,574,490.41"	"2,018,393.00"	45.37	United States	New York Stock Exchange Inc.	1	USD	-
BFB	BROWN FORMAN CORP CLASS B	Consumer Staples	Equity	"89,254,634.20"	0.02	"89,254,634.20"	"1,855,220.00"	48.11	United States	New York Stock Exchange Inc.	1	USD	-
MTCH	MATCH GROUP INC	Communication	Equity	"88,465,106.82"	0.02	"88,465,106.82"	"2,791,578.00"	31.69	United States	NASDAQ	1	USD	-
SOLV	SOLVENTUM CORP	Health Care	Equity	"88,213,479.30"	0.02	"88,213,479.30"	"1,426,710.00"	61.83	United States	New York Stock Exchange Inc.	1	USD	-
GNRC	GENERAC HOLDINGS INC	Industrials	Equity	"87,504,241.95"	0.02	"87,504,241.95"	"630,207.00"	138.85	United States	New York Stock Exchange Inc.	1	USD	-
HAS	HASBRO INC	Consumer Discretionary	Equity	"87,097,482.60"	0.02	"87,097,482.60"	"1,340,580.00"	64.97	United States	NASDAQ	1	USD	-
PNW	PINNACLE WEST CORP	Utilities	Equity	"86,409,164.80"	0.02	"86,409,164.80"	"1,164,544.00"	74.2	United States	New York Stock Exchange Inc.	1	USD	-
NCLH	NORWEGIAN CRUISE LINE HOLDINGS LTD	Consumer Discretionary	Equity	"84,542,781.60"	0.02	"84,542,781.60"	"4,369,136.00"	19.35	United States	New York Stock Exchange Inc.	1	USD	-
CZR	CAESARS ENTERTAINMENT INC	Consumer Discretionary	Equity	"84,174,988.08"	0.02	"84,174,988.08"	"2,212,802.00"	38.04	United States	NASDAQ	1	USD	-
CHRW	CH ROBINSON WORLDWIDE INC	Industrials	Equity	"84,067,284.42"	0.02	"84,067,284.42"	"1,196,517.00"	70.26	United States	NASDAQ	1	USD	-
ETSY	ETSY INC	Consumer Discretionary	Equity	"82,647,801.60"	0.02	"82,647,801.60"	"1,229,878.00"	67.2	United States	NASDAQ	1	USD	-
MKTX	MARKETAXESS HOLDINGS INC	Financials	Equity	"78,411,394.72"	0.02	"78,411,394.72"	"388,984.00"	201.58	United States	NASDAQ	1	USD	-
FOXA	FOX CORP CLASS A	Communication	Equity	"77,766,036.48"	0.02	"77,766,036.48"	"2,454,736.00"	31.68	United States	NASDAQ	1	USD	-
FRT	FEDERAL REALTY INVESTMENT TRUST RE	Real Estate	Equity	"77,442,298.83"	0.02	"77,442,298.83"	"755,019.00"	102.57	United States	New York Stock Exchange Inc.	1	USD	-
BWA	BORGWARNER INC	Consumer Discretionary	Equity	"77,371,246.44"	0.02	"77,371,246.44"	"2,357,442.00"	32.82	United States	New York Stock Exchange Inc.	1	USD	-
BEN	FRANKLIN RESOURCES INC	Financials	Equity	"77,259,812.63"	0.02	"77,259,812.63"	"3,079,307.00"	25.09	United States	New York Stock Exchange Inc.	1	USD	-
RHI	ROBERT HALF	Industrials	Equity	"75,426,992.60"	0.02	"75,426,992.60"	"1,068,371.00"	70.6	United States	New York Stock Exchange Inc.	1	USD	-
FMC	FMC CORP	Materials	Equity	"74,103,588.20"	0.02	"74,103,588.20"	"1,282,069.00"	57.8	United States	New York Stock Exchange Inc.	1	USD	-
DVA	DAVITA INC	Health Care	Equity	"73,496,161.20"	0.02	"73,496,161.20"	"553,560.00"	132.77	United States	New York Stock Exchange Inc.	1	USD	-
CMA	COMERICA INC	Financials	Equity	"70,642,546.45"	0.02	"70,642,546.45"	"1,354,603.00"	52.15	United States	New York Stock Exchange Inc.	1	USD	-
IVZ	INVESCO LTD	Financials	Equity	"66,999,866.96"	0.02	"66,999,866.96"	"4,617,496.00"	14.51	United States	New York Stock Exchange Inc.	1	USD	-
RL	RALPH LAUREN CORP CLASS A	Consumer Discretionary	Equity	"66,847,452.36"	0.02	"66,847,452.36"	"400,452.00"	166.93	United States	New York Stock Exchange Inc.	1	USD	-
GL	GLOBE LIFE INC	Financials	Equity	"66,319,663.14"	0.02	"66,319,663.14"	"877,941.00"	75.54	United States	New York Stock Exchange Inc.	1	USD	-
PARA	PARAMOUNT GLOBAL CLASS B	Communication	Equity	"60,395,748.00"	0.01	"60,395,748.00"	"4,958,600.00"	12.18	United States	NASDAQ	1	USD	-
MHK	MOHAWK INDUSTRIES INC	Consumer Discretionary	Equity	"59,894,914.82"	0.01	"59,894,914.82"	"543,166.00"	110.27	United States	New York Stock Exchange Inc.	1	USD	-
BIO	BIO RAD LABORATORIES INC CLASS A	Health Care	Equity	"59,314,907.60"	0.01	"59,314,907.60"	"215,221.00"	275.6	United States	New York Stock Exchange Inc.	1	USD	-
FOX	FOX CORP CLASS B	Communication	Equity	"39,708,162.00"	0.01	"39,708,162.00"	"1,357,544.00"	29.25	United States	NASDAQ	1	USD	-
NWS	NEWS CORP CLASS B	Communication	Equity	"29,329,514.82"	0.01	"29,329,514.82"	"1,176,003.00"	24.94	United States	NASDAQ	1	USD	-
